--
-- PostgreSQL database dump
--

\restrict jZcINvg5hBnvhAC03CpLOYdJ86V4Pae1ma0OEKgaE6T1S3dTHo5BnsUxgyyoJt9

-- Dumped from database version 17.6
-- Dumped by pg_dump version 17.6

SET statement_timeout = 0;
SET lock_timeout = 0;
SET idle_in_transaction_session_timeout = 0;
SET transaction_timeout = 0;
SET client_encoding = 'UTF8';
SET standard_conforming_strings = on;
SELECT pg_catalog.set_config('search_path', '', false);
SET check_function_bodies = false;
SET xmloption = content;
SET client_min_messages = warning;
SET row_security = off;

SET default_tablespace = '';

SET default_table_access_method = heap;

--
-- Name: auth_group; Type: TABLE; Schema: public; Owner: postgres
--

CREATE TABLE public.auth_group (
    id integer NOT NULL,
    name character varying(150) NOT NULL
);


ALTER TABLE public.auth_group OWNER TO postgres;

--
-- Name: auth_group_id_seq; Type: SEQUENCE; Schema: public; Owner: postgres
--

ALTER TABLE public.auth_group ALTER COLUMN id ADD GENERATED BY DEFAULT AS IDENTITY (
    SEQUENCE NAME public.auth_group_id_seq
    START WITH 1
    INCREMENT BY 1
    NO MINVALUE
    NO MAXVALUE
    CACHE 1
);


--
-- Name: auth_group_permissions; Type: TABLE; Schema: public; Owner: postgres
--

CREATE TABLE public.auth_group_permissions (
    id bigint NOT NULL,
    group_id integer NOT NULL,
    permission_id integer NOT NULL
);


ALTER TABLE public.auth_group_permissions OWNER TO postgres;

--
-- Name: auth_group_permissions_id_seq; Type: SEQUENCE; Schema: public; Owner: postgres
--

ALTER TABLE public.auth_group_permissions ALTER COLUMN id ADD GENERATED BY DEFAULT AS IDENTITY (
    SEQUENCE NAME public.auth_group_permissions_id_seq
    START WITH 1
    INCREMENT BY 1
    NO MINVALUE
    NO MAXVALUE
    CACHE 1
);


--
-- Name: auth_permission; Type: TABLE; Schema: public; Owner: postgres
--

CREATE TABLE public.auth_permission (
    id integer NOT NULL,
    name character varying(255) NOT NULL,
    content_type_id integer NOT NULL,
    codename character varying(100) NOT NULL
);


ALTER TABLE public.auth_permission OWNER TO postgres;

--
-- Name: auth_permission_id_seq; Type: SEQUENCE; Schema: public; Owner: postgres
--

ALTER TABLE public.auth_permission ALTER COLUMN id ADD GENERATED BY DEFAULT AS IDENTITY (
    SEQUENCE NAME public.auth_permission_id_seq
    START WITH 1
    INCREMENT BY 1
    NO MINVALUE
    NO MAXVALUE
    CACHE 1
);


--
-- Name: auth_user; Type: TABLE; Schema: public; Owner: postgres
--

CREATE TABLE public.auth_user (
    id integer NOT NULL,
    password character varying(128) NOT NULL,
    last_login timestamp with time zone,
    is_superuser boolean NOT NULL,
    username character varying(150) NOT NULL,
    first_name character varying(150) NOT NULL,
    last_name character varying(150) NOT NULL,
    email character varying(254) NOT NULL,
    is_staff boolean NOT NULL,
    is_active boolean NOT NULL,
    date_joined timestamp with time zone NOT NULL
);


ALTER TABLE public.auth_user OWNER TO postgres;

--
-- Name: auth_user_groups; Type: TABLE; Schema: public; Owner: postgres
--

CREATE TABLE public.auth_user_groups (
    id bigint NOT NULL,
    user_id integer NOT NULL,
    group_id integer NOT NULL
);


ALTER TABLE public.auth_user_groups OWNER TO postgres;

--
-- Name: auth_user_groups_id_seq; Type: SEQUENCE; Schema: public; Owner: postgres
--

ALTER TABLE public.auth_user_groups ALTER COLUMN id ADD GENERATED BY DEFAULT AS IDENTITY (
    SEQUENCE NAME public.auth_user_groups_id_seq
    START WITH 1
    INCREMENT BY 1
    NO MINVALUE
    NO MAXVALUE
    CACHE 1
);


--
-- Name: auth_user_id_seq; Type: SEQUENCE; Schema: public; Owner: postgres
--

ALTER TABLE public.auth_user ALTER COLUMN id ADD GENERATED BY DEFAULT AS IDENTITY (
    SEQUENCE NAME public.auth_user_id_seq
    START WITH 1
    INCREMENT BY 1
    NO MINVALUE
    NO MAXVALUE
    CACHE 1
);


--
-- Name: auth_user_user_permissions; Type: TABLE; Schema: public; Owner: postgres
--

CREATE TABLE public.auth_user_user_permissions (
    id bigint NOT NULL,
    user_id integer NOT NULL,
    permission_id integer NOT NULL
);


ALTER TABLE public.auth_user_user_permissions OWNER TO postgres;

--
-- Name: auth_user_user_permissions_id_seq; Type: SEQUENCE; Schema: public; Owner: postgres
--

ALTER TABLE public.auth_user_user_permissions ALTER COLUMN id ADD GENERATED BY DEFAULT AS IDENTITY (
    SEQUENCE NAME public.auth_user_user_permissions_id_seq
    START WITH 1
    INCREMENT BY 1
    NO MINVALUE
    NO MAXVALUE
    CACHE 1
);


--
-- Name: checkups; Type: TABLE; Schema: public; Owner: postgres
--

CREATE TABLE public.checkups (
    checkup_id integer NOT NULL,
    uid uuid NOT NULL,
    tanggal_checkup date NOT NULL,
    tanggal_lahir date,
    umur integer,
    tinggi numeric(5,2),
    berat numeric(5,2),
    lingkar_perut numeric(5,2),
    bmi numeric(5,2),
    gestational_diabetes numeric(5,2),
    cholesterol numeric(5,2),
    asam_urat numeric(5,2),
    status character varying(50),
    lokasi character varying(255),
    gula_darah_puasa numeric,
    gula_darah_sewaktu numeric,
    derajat_kesehatan character varying(10),
    tekanan_darah character varying(50)
);


ALTER TABLE public.checkups OWNER TO postgres;

--
-- Name: checkups_checkup_id_seq; Type: SEQUENCE; Schema: public; Owner: postgres
--

CREATE SEQUENCE public.checkups_checkup_id_seq
    AS integer
    START WITH 1
    INCREMENT BY 1
    NO MINVALUE
    NO MAXVALUE
    CACHE 1;


ALTER SEQUENCE public.checkups_checkup_id_seq OWNER TO postgres;

--
-- Name: checkups_checkup_id_seq; Type: SEQUENCE OWNED BY; Schema: public; Owner: postgres
--

ALTER SEQUENCE public.checkups_checkup_id_seq OWNED BY public.checkups.checkup_id;


--
-- Name: django_admin_log; Type: TABLE; Schema: public; Owner: postgres
--

CREATE TABLE public.django_admin_log (
    id integer NOT NULL,
    action_time timestamp with time zone NOT NULL,
    object_id text,
    object_repr character varying(200) NOT NULL,
    action_flag smallint NOT NULL,
    change_message text NOT NULL,
    content_type_id integer,
    user_id integer NOT NULL,
    CONSTRAINT django_admin_log_action_flag_check CHECK ((action_flag >= 0))
);


ALTER TABLE public.django_admin_log OWNER TO postgres;

--
-- Name: django_admin_log_id_seq; Type: SEQUENCE; Schema: public; Owner: postgres
--

ALTER TABLE public.django_admin_log ALTER COLUMN id ADD GENERATED BY DEFAULT AS IDENTITY (
    SEQUENCE NAME public.django_admin_log_id_seq
    START WITH 1
    INCREMENT BY 1
    NO MINVALUE
    NO MAXVALUE
    CACHE 1
);


--
-- Name: django_content_type; Type: TABLE; Schema: public; Owner: postgres
--

CREATE TABLE public.django_content_type (
    id integer NOT NULL,
    app_label character varying(100) NOT NULL,
    model character varying(100) NOT NULL
);


ALTER TABLE public.django_content_type OWNER TO postgres;

--
-- Name: django_content_type_id_seq; Type: SEQUENCE; Schema: public; Owner: postgres
--

ALTER TABLE public.django_content_type ALTER COLUMN id ADD GENERATED BY DEFAULT AS IDENTITY (
    SEQUENCE NAME public.django_content_type_id_seq
    START WITH 1
    INCREMENT BY 1
    NO MINVALUE
    NO MAXVALUE
    CACHE 1
);


--
-- Name: django_migrations; Type: TABLE; Schema: public; Owner: postgres
--

CREATE TABLE public.django_migrations (
    id bigint NOT NULL,
    app character varying(255) NOT NULL,
    name character varying(255) NOT NULL,
    applied timestamp with time zone NOT NULL
);


ALTER TABLE public.django_migrations OWNER TO postgres;

--
-- Name: django_migrations_id_seq; Type: SEQUENCE; Schema: public; Owner: postgres
--

ALTER TABLE public.django_migrations ALTER COLUMN id ADD GENERATED BY DEFAULT AS IDENTITY (
    SEQUENCE NAME public.django_migrations_id_seq
    START WITH 1
    INCREMENT BY 1
    NO MINVALUE
    NO MAXVALUE
    CACHE 1
);


--
-- Name: django_session; Type: TABLE; Schema: public; Owner: postgres
--

CREATE TABLE public.django_session (
    session_key character varying(40) NOT NULL,
    session_data text NOT NULL,
    expire_date timestamp with time zone NOT NULL
);


ALTER TABLE public.django_session OWNER TO postgres;

--
-- Name: karyawan; Type: TABLE; Schema: public; Owner: postgres
--

CREATE TABLE public.karyawan (
    uid uuid NOT NULL,
    nama text NOT NULL,
    jabatan text,
    lokasi text,
    tanggal_lahir date,
    uploaded_at timestamp without time zone DEFAULT now(),
    upload_batch_id uuid,
    "tanggal_MCU" date,
    "expired_MCU" date,
    derajat_kesehatan character varying(10),
    tinggi numeric(6,2),
    berat numeric(6,2),
    bmi numeric(6,2),
    bmi_category character varying(30),
    umur integer
);


ALTER TABLE public.karyawan OWNER TO postgres;

--
-- Name: lokasi; Type: TABLE; Schema: public; Owner: postgres
--

CREATE TABLE public.lokasi (
    name text NOT NULL
);


ALTER TABLE public.lokasi OWNER TO postgres;

--
-- Name: users; Type: TABLE; Schema: public; Owner: postgres
--

CREATE TABLE public.users (
    id integer NOT NULL,
    username character varying(100) NOT NULL,
    password text,
    role character varying(50) NOT NULL,
    created_at timestamp without time zone DEFAULT now()
);


ALTER TABLE public.users OWNER TO postgres;

--
-- Name: users_id_seq; Type: SEQUENCE; Schema: public; Owner: postgres
--

CREATE SEQUENCE public.users_id_seq
    AS integer
    START WITH 1
    INCREMENT BY 1
    NO MINVALUE
    NO MAXVALUE
    CACHE 1;


ALTER SEQUENCE public.users_id_seq OWNER TO postgres;

--
-- Name: users_id_seq; Type: SEQUENCE OWNED BY; Schema: public; Owner: postgres
--

ALTER SEQUENCE public.users_id_seq OWNED BY public.users.id;


--
-- Name: checkups checkup_id; Type: DEFAULT; Schema: public; Owner: postgres
--

ALTER TABLE ONLY public.checkups ALTER COLUMN checkup_id SET DEFAULT nextval('public.checkups_checkup_id_seq'::regclass);


--
-- Name: users id; Type: DEFAULT; Schema: public; Owner: postgres
--

ALTER TABLE ONLY public.users ALTER COLUMN id SET DEFAULT nextval('public.users_id_seq'::regclass);


--
-- Data for Name: auth_group; Type: TABLE DATA; Schema: public; Owner: postgres
--

COPY public.auth_group (id, name) FROM stdin;
\.


--
-- Data for Name: auth_group_permissions; Type: TABLE DATA; Schema: public; Owner: postgres
--

COPY public.auth_group_permissions (id, group_id, permission_id) FROM stdin;
\.


--
-- Data for Name: auth_permission; Type: TABLE DATA; Schema: public; Owner: postgres
--

COPY public.auth_permission (id, name, content_type_id, codename) FROM stdin;
1	Can add log entry	1	add_logentry
2	Can change log entry	1	change_logentry
3	Can delete log entry	1	delete_logentry
4	Can view log entry	1	view_logentry
5	Can add permission	2	add_permission
6	Can change permission	2	change_permission
7	Can delete permission	2	delete_permission
8	Can view permission	2	view_permission
9	Can add group	3	add_group
10	Can change group	3	change_group
11	Can delete group	3	delete_group
12	Can view group	3	view_group
13	Can add user	4	add_user
14	Can change user	4	change_user
15	Can delete user	4	delete_user
16	Can view user	4	view_user
17	Can add content type	5	add_contenttype
18	Can change content type	5	change_contenttype
19	Can delete content type	5	delete_contenttype
20	Can view content type	5	view_contenttype
21	Can add session	6	add_session
22	Can change session	6	change_session
23	Can delete session	6	delete_session
24	Can view session	6	view_session
\.


--
-- Data for Name: auth_user; Type: TABLE DATA; Schema: public; Owner: postgres
--

COPY public.auth_user (id, password, last_login, is_superuser, username, first_name, last_name, email, is_staff, is_active, date_joined) FROM stdin;
\.


--
-- Data for Name: auth_user_groups; Type: TABLE DATA; Schema: public; Owner: postgres
--

COPY public.auth_user_groups (id, user_id, group_id) FROM stdin;
\.


--
-- Data for Name: auth_user_user_permissions; Type: TABLE DATA; Schema: public; Owner: postgres
--

COPY public.auth_user_user_permissions (id, user_id, permission_id) FROM stdin;
\.


--
-- Data for Name: checkups; Type: TABLE DATA; Schema: public; Owner: postgres
--

COPY public.checkups (checkup_id, uid, tanggal_checkup, tanggal_lahir, umur, tinggi, berat, lingkar_perut, bmi, gestational_diabetes, cholesterol, asam_urat, status, lokasi, gula_darah_puasa, gula_darah_sewaktu, derajat_kesehatan, tekanan_darah) FROM stdin;
\.


--
-- Data for Name: django_admin_log; Type: TABLE DATA; Schema: public; Owner: postgres
--

COPY public.django_admin_log (id, action_time, object_id, object_repr, action_flag, change_message, content_type_id, user_id) FROM stdin;
\.


--
-- Data for Name: django_content_type; Type: TABLE DATA; Schema: public; Owner: postgres
--

COPY public.django_content_type (id, app_label, model) FROM stdin;
1	admin	logentry
2	auth	permission
3	auth	group
4	auth	user
5	contenttypes	contenttype
6	sessions	session
\.


--
-- Data for Name: django_migrations; Type: TABLE DATA; Schema: public; Owner: postgres
--

COPY public.django_migrations (id, app, name, applied) FROM stdin;
1	contenttypes	0001_initial	2025-10-04 23:23:25.676763+07
2	auth	0001_initial	2025-10-04 23:23:25.810461+07
3	admin	0001_initial	2025-10-04 23:23:25.84501+07
4	admin	0002_logentry_remove_auto_add	2025-10-04 23:23:25.855824+07
5	admin	0003_logentry_add_action_flag_choices	2025-10-04 23:23:25.865245+07
6	contenttypes	0002_remove_content_type_name	2025-10-04 23:23:25.901232+07
7	auth	0002_alter_permission_name_max_length	2025-10-04 23:23:25.913736+07
8	auth	0003_alter_user_email_max_length	2025-10-04 23:23:25.924436+07
9	auth	0004_alter_user_username_opts	2025-10-04 23:23:25.939493+07
10	auth	0005_alter_user_last_login_null	2025-10-04 23:23:25.949643+07
11	auth	0006_require_contenttypes_0002	2025-10-04 23:23:25.9516+07
12	auth	0007_alter_validators_add_error_messages	2025-10-04 23:23:25.961758+07
13	auth	0008_alter_user_username_max_length	2025-10-04 23:23:25.980205+07
14	auth	0009_alter_user_last_name_max_length	2025-10-04 23:23:25.993499+07
15	auth	0010_alter_group_name_max_length	2025-10-04 23:23:26.005572+07
16	auth	0011_update_proxy_permissions	2025-10-04 23:23:26.019131+07
17	auth	0012_alter_user_first_name_max_length	2025-10-04 23:23:26.030575+07
18	sessions	0001_initial	2025-10-04 23:23:26.046468+07
19	core	0001_initial	2025-10-18 21:06:02.317209+07
\.


--
-- Data for Name: django_session; Type: TABLE DATA; Schema: public; Owner: postgres
--

COPY public.django_session (session_key, session_data, expire_date) FROM stdin;
dccyeg0zg2w6lohthi3j31a4t5ilw9re	.eJxFzMEKwkAMhOFXiTkvIoIIfQW96VGQ2A67C9sUNslJfHdbL16H_5s3h6E_-9LAA9-hkoUuMBRxUU4s4QXqdRTHxIP3QPoZlXkjGt1ADvM1thhHmK3zI47nw4muS65KL_QiVtuObmgyi9O0vedEf73nzxeUSTDe:1v8LXw:gZugTy5uXSRPJHqZQYC9CzXRI6YMA9sht1jQNEs3vaM	2025-10-27 23:37:16.295101+07
33ux0u29dza9mtkzl2wf2s544a8ij319	.eJw9zMEJgDAMRuFdcnaC7uAMJdRfLaSpps1BxN1VBK8fvHcSe1-hPSfumCh0cwzkDaZcQIEKKy8w-jBalVfHX3eLnBJaozCztCdG2aQeQPT8DNVFrhuDWCUL:1v6qbB:RVnYIt1mlN_5c5zrDzbgGwH7H3SWXQQAQEft8UTeSgM	2025-10-23 20:22:25.664275+07
oa0s1485453gnllyb10zp4tl8h1m2i39	.eJw9zMEJgDAMRuFdcnaC7uAMJdRfLaSpps1BxN1VBK8fvHcSe1-hPSfumCh0cwzkDaZcQIEKKy8w-jBalVfHX3eLnBJaozCztCdG2aQeQPT8DNVFrhuDWCUL:1v6qbM:ukIbCbXni2a9dc0yrkC7-1C9jhK4EgFqf_v60-FksHs	2025-10-23 20:22:36.485327+07
cltm2l80vx5zotcic00g7ifnoa1jtari	.eJw9y8sKAjEMRuFXiVkXEUGEeQZduRXktxM6hTYDSboS390L4vbwnQcPF7vZ2oQnPkNRxDgxRiyiUTNCZp7ChqQvVfSP7H_pI2dxf7fr2B93BzqtpSrdxRZ4bRu6SENH0IyAlkS_dcvPF73SKzE:1vAT20:vVACvbgESJrBLqeHgsKlLyWbxteKzDy_y0_Djbr8cG0	2025-11-02 20:01:04.143117+07
tmkex6bewfrdy9nj6spotggq69clmtcr	.eJw9y8sKAjEMRuFXiVkXEUGEeQZduRXktxM6hTYDSboS390L4vbwnQcPF7vZ2oQnPkNRxDgxRiyiUTNCZp7ChqQvVfSP7H_pI2dxf7fr2B93BzqtpSrdxRZ4bRu6SENH0IyAlkS_dcvPF73SKzE:1vBEZK:xbW3Xbn7_eav3G6LqE0Ue-YanHBZcOAoRJr8rQ8mMl4	2025-11-04 22:46:38.20231+07
cbud8tx3oumf4howiyj35w1f58w52q7y	.eJw9y8sKAjEMRuFXiVkXEUGEeQZduRXktxM6hTYDSboS390L4vbwnQcPF7vZ2oQnPkNRxDgxRiyiUTNCZp7ChqQvVfSP7H_pI2dxf7fr2B93BzqtpSrdxRZ4bRu6SENH0IyAlkS_dcvPF73SKzE:1vBEhW:Q1LDmFjylvIVyWIt-Qg6lMC-oXWvwGPgyK2YusFTRh0	2025-11-04 22:55:06.935211+07
\.


--
-- Data for Name: karyawan; Type: TABLE DATA; Schema: public; Owner: postgres
--

COPY public.karyawan (uid, nama, jabatan, lokasi, tanggal_lahir, uploaded_at, upload_batch_id, "tanggal_MCU", "expired_MCU", derajat_kesehatan, tinggi, berat, bmi, bmi_category, umur) FROM stdin;
4c2287a9-8b43-5259-896a-66397b4baa9f	zainal aripin	opt. hoist	ab-100	1987-04-24	\N	c7ff46a5-facd-40a2-bcf7-cb0d20d65280	2025-05-08	2026-05-08	P5	165.00	79.00	29.02	overweight	38
2a78da17-f32d-50e0-a443-a18006b8095f	jupriyanto	derrickman	ab-100	1982-04-16	\N	c7ff46a5-facd-40a2-bcf7-cb0d20d65280	2024-11-04	2025-11-04	P3	172.00	62.00	20.96	ideal	43
916c5510-7669-5ced-8468-8d4425340690	eko sudarto	floorman	ab-100	1969-09-30	\N	c7ff46a5-facd-40a2-bcf7-cb0d20d65280	2024-11-04	2025-11-04	P4	170.00	80.00	27.68	overweight	56
cc228022-a266-5478-806b-4ae7e9e74bfd	dadang sujatmiko	floorman	ab-100	1982-04-24	\N	c7ff46a5-facd-40a2-bcf7-cb0d20d65280	2024-11-04	2025-11-04	P4	173.00	86.00	28.74	overweight	43
bb722d9b-4a7a-5a9e-9f86-e52dc4cfbed6	sigit purnomo	floorman	ab-100	1991-02-19	\N	c7ff46a5-facd-40a2-bcf7-cb0d20d65280	2025-05-08	2026-05-08	P4	169.00	56.00	19.61	ideal	34
44cdb4b3-022b-5789-a3b4-68d7de732cd3	prima f. p.	motoris	ab-100	1987-02-07	\N	c7ff46a5-facd-40a2-bcf7-cb0d20d65280	2024-11-04	2025-11-04	P4	165.00	70.00	25.71	overweight	38
b7cf95b2-5e01-5c27-9834-9df99157f833	m. minannurohman	roustabout	ab-100	2002-05-25	\N	c7ff46a5-facd-40a2-bcf7-cb0d20d65280	2025-05-06	2026-05-06	P3	164.00	53.00	19.71	ideal	23
7775dbf8-55e2-558e-ac29-a31c5a687a0f	kamim	opt. hoist	ab-100	1970-05-21	\N	c7ff46a5-facd-40a2-bcf7-cb0d20d65280	2024-11-07	2025-11-07	P4	161.00	61.00	23.53	ideal	55
0e1c7bf3-bb05-5f31-a403-7f0b1c791077	sukirman	derrickman	ab-100	1990-03-25	\N	c7ff46a5-facd-40a2-bcf7-cb0d20d65280	2024-11-07	2025-11-07	P5	155.00	53.00	22.06	ideal	35
895eeae6-aa24-5575-a417-3d294f0331c1	heri budiyono	derrickman	ab-100	1990-02-02	\N	c7ff46a5-facd-40a2-bcf7-cb0d20d65280	2025-07-16	2026-07-16	P3	161.00	79.00	30.48	obese	35
0cf5e89b-f6c3-51e9-8035-4d056d8260fe	pawikno	floorman	ab-100	1976-12-07	\N	c7ff46a5-facd-40a2-bcf7-cb0d20d65280	2024-11-07	2025-11-07	P4	175.00	75.00	24.49	ideal	48
26923cd3-970d-543c-af83-a6b0f743e4b9	setiadi binantoro	floorman	ab-100	1999-06-29	\N	c7ff46a5-facd-40a2-bcf7-cb0d20d65280	2024-11-07	2025-11-07	P4	168.00	64.00	22.68	ideal	26
273db5ec-171c-5e49-8d6f-d1a2fbafff1e	doddy lukito	floorman	ab-100	1989-08-19	\N	c7ff46a5-facd-40a2-bcf7-cb0d20d65280	2024-11-15	2025-11-15	P2	167.00	57.00	20.44	ideal	36
30f94859-8831-568a-ab67-7bb04f91131c	aldillah panji	motoris	ab-100	1998-12-23	\N	c7ff46a5-facd-40a2-bcf7-cb0d20d65280	2024-11-07	2025-11-07	P2	169.00	56.00	19.61	ideal	26
395a7ee3-25d9-5044-a87b-6f121b8c1eee	ivo hardianto	roustabout	ab-100	1999-05-12	\N	c7ff46a5-facd-40a2-bcf7-cb0d20d65280	2025-05-06	2026-05-06	P2	168.00	51.00	18.07	underweight	26
6c92cda6-6462-5094-ae97-481ddc8e58d2	kustiyono	opt. hoist	ab-100	1971-01-03	\N	c7ff46a5-facd-40a2-bcf7-cb0d20d65280	2024-11-05	2025-11-05	P4	167.00	72.00	25.82	overweight	54
f6dbf7f8-d64e-50be-8977-853451e3d5aa	andik rifaldianto	opt. hoist	ab-100	1994-12-13	\N	c7ff46a5-facd-40a2-bcf7-cb0d20d65280	2025-05-05	2026-05-05	P3	170.00	65.00	22.49	ideal	30
abc9f631-18d5-51fb-b77a-f98059cb0f16	endrik p.	derrickman	ab-100	1996-05-06	\N	c7ff46a5-facd-40a2-bcf7-cb0d20d65280	2025-05-21	2026-05-21	P5	160.00	88.00	34.38	obese	29
63970760-4f66-5135-bcf8-16496d60f1fa	gunawan	floorman	ab-100	1969-10-20	\N	c7ff46a5-facd-40a2-bcf7-cb0d20d65280	2024-11-29	2025-11-29	P4	170.00	60.00	20.76	ideal	55
1184132c-02d6-5ddb-8b8d-ce498c1b7df1	fauzan farid h.	floorman	ab-100	2003-07-02	\N	c7ff46a5-facd-40a2-bcf7-cb0d20d65280	2025-05-10	2026-05-10	P3	168.00	64.00	22.68	ideal	22
db8bb4a8-8b50-538d-b4a2-2295235f4def	prasetyo cahya	floorman	ab-100	2002-08-23	\N	c7ff46a5-facd-40a2-bcf7-cb0d20d65280	\N	\N	NAN	168.00	60.00	21.26	ideal	23
b9caf11c-7d3e-59af-bd43-159c39379e53	sri mulyanto	motoris	ab-100	1972-08-26	\N	c7ff46a5-facd-40a2-bcf7-cb0d20d65280	2024-11-08	2025-11-08	P5	170.00	90.00	31.14	obese	53
d267537a-edac-5766-a80a-8d81fe08424c	doddy tegar	roustabout	ab-100	1998-12-17	\N	c7ff46a5-facd-40a2-bcf7-cb0d20d65280	2025-05-03	2026-05-03	P4	169.00	71.00	24.86	ideal	26
b3458442-a863-5507-bf2c-9c3f50934a4a	dadang arga a.	safety officer	ab-100	1993-12-08	\N	c7ff46a5-facd-40a2-bcf7-cb0d20d65280	2025-05-24	2026-05-24	P3	172.00	64.00	21.63	ideal	31
9c09632d-0cce-528a-a3d5-170a16b5f0ab	akhmad zaenul a.	safety officer	ab-100	1988-09-25	\N	c7ff46a5-facd-40a2-bcf7-cb0d20d65280	2025-05-14	2026-05-14	P4	175.00	73.00	23.84	ideal	37
475e4654-85b5-5cf4-9641-39308d388f82	rizky hariyadi	coman	ab-100	1986-06-16	\N	c7ff46a5-facd-40a2-bcf7-cb0d20d65280	2024-12-13	2025-12-13	P4	164.00	90.00	33.46	obese	39
3291b47f-18dc-50dc-b68b-8a32b35118d7	luthfy m.	coman	ab-100	1996-03-21	\N	c7ff46a5-facd-40a2-bcf7-cb0d20d65280	2025-08-14	2026-08-14	P4	170.00	82.00	28.37	overweight	29
fa8e388e-7fad-537c-8d9b-1bb79ad346bc	rudi suryono	coman	ab-100	1972-12-14	\N	c7ff46a5-facd-40a2-bcf7-cb0d20d65280	2025-06-11	2026-06-11	P4	167.00	90.00	32.27	obese	52
78b9953d-f0b5-50fa-a85c-d0a71c5a7643	santuk	driver coman	ab-100	\N	\N	c7ff46a5-facd-40a2-bcf7-cb0d20d65280	\N	\N	NAN	\N	\N	0.00	underweight	\N
2b35fc25-6f33-5de1-a212-b891354d0418	suwanto	driver coman	ab-100	\N	\N	c7ff46a5-facd-40a2-bcf7-cb0d20d65280	\N	\N	NAN	\N	\N	0.00	underweight	\N
7fdd069b-1256-5b5a-9022-c4bd7600db65	totok w.	opt. hoist	lto-150	1971-05-26	\N	c7ff46a5-facd-40a2-bcf7-cb0d20d65280	2024-11-04	2025-11-04	P3	163.00	52.00	19.57	ideal	54
b54899bd-bc3b-5c5b-bc0e-564db6e6d626	heri purwanto	derrickman	lto-150	1979-11-16	\N	c7ff46a5-facd-40a2-bcf7-cb0d20d65280	2024-11-04	2025-11-04	P4	165.00	64.00	23.51	ideal	45
bbaa9e8c-615f-5ca0-b66e-0341f556daeb	farih m. a.	floorman	lto-150	1999-06-16	\N	c7ff46a5-facd-40a2-bcf7-cb0d20d65280	2025-06-13	2026-06-13	P3	167.00	62.00	22.23	ideal	26
14653334-c724-5617-80f5-0d54f31bcc2a	budiyono	floorman	lto-150	1976-04-19	\N	c7ff46a5-facd-40a2-bcf7-cb0d20d65280	2024-11-04	2025-11-04	P6	165.00	64.00	23.51	ideal	49
d436d7f6-8520-50c9-b5ac-9cb6792ffd6a	jaswadi	floorman	lto-150	1978-01-25	\N	c7ff46a5-facd-40a2-bcf7-cb0d20d65280	2024-11-04	2025-11-04	P4	159.00	73.00	28.88	overweight	47
dcb42af1-5350-5c62-847f-8848e05df6c5	sudiyono	motoris	lto-150	1972-09-05	\N	c7ff46a5-facd-40a2-bcf7-cb0d20d65280	2024-11-04	2025-11-04	P4	163.00	78.00	29.36	overweight	53
41cfc9c0-54bd-5da5-a538-7b26c3a9685a	sugiono	opt. hoist	lto-150	1975-05-19	\N	c7ff46a5-facd-40a2-bcf7-cb0d20d65280	2024-11-07	2025-11-07	P4	172.00	86.00	29.07	overweight	50
5f834f75-8952-5508-a5a0-23e81138a979	sumarsono	derrickman	lto-150	1974-04-26	\N	c7ff46a5-facd-40a2-bcf7-cb0d20d65280	2024-11-07	2025-11-07	P4	159.00	78.00	30.85	obese	51
5b55ab84-997e-56d2-b7e4-d882ce781044	legiman	floorman	lto-150	1970-10-05	\N	c7ff46a5-facd-40a2-bcf7-cb0d20d65280	2024-11-07	2025-11-07	P4	160.00	49.00	19.14	ideal	55
517dc25b-5966-52c6-9169-1c5d3e4dd67e	syaiful r.	floorman	lto-150	1989-12-21	\N	c7ff46a5-facd-40a2-bcf7-cb0d20d65280	2024-11-07	2025-11-07	P4	172.00	60.00	20.28	ideal	35
b0cd79b7-bd8e-59c8-96fb-60c0977bf144	supadmo	motoris	lto-150	1984-04-16	\N	c7ff46a5-facd-40a2-bcf7-cb0d20d65280	2024-11-07	2025-11-07	P3	167.00	70.00	25.10	overweight	41
4b5fd4c1-5432-5df6-8dfe-7f8b396bfd6b	winarko	opt. hoist	lto-150	1970-04-13	\N	c7ff46a5-facd-40a2-bcf7-cb0d20d65280	2024-11-07	2025-11-07	P4	158.00	59.00	23.63	ideal	55
f502f3d5-579c-52af-aa2c-9da6b9468879	sutrisno	derrickman	lto-150	1973-08-15	\N	c7ff46a5-facd-40a2-bcf7-cb0d20d65280	2024-11-05	2025-11-05	P4	165.00	69.00	25.34	overweight	52
ad375b97-740e-5356-abfa-c61752300d3e	hari kurniawan	floorman	lto-150	1980-06-21	\N	c7ff46a5-facd-40a2-bcf7-cb0d20d65280	2024-11-13	2025-11-13	P4	168.00	75.00	26.57	overweight	45
256b1851-ced0-5141-aeae-4eed3d87e9b5	alfin adam w.	floorman	lto-150	2002-04-01	\N	c7ff46a5-facd-40a2-bcf7-cb0d20d65280	2025-05-22	2026-05-22	P3	161.00	55.00	21.22	ideal	23
fd118bba-e21a-5e4a-bea9-c5b4b757d9ed	supriadi	motoris	lto-150	1971-04-06	\N	c7ff46a5-facd-40a2-bcf7-cb0d20d65280	2024-11-05	2025-11-05	P4	170.00	80.00	27.68	overweight	54
33332790-be32-5a30-882f-de5da25e9289	sukma w.	roustabout	lto-150	2002-09-29	\N	c7ff46a5-facd-40a2-bcf7-cb0d20d65280	2025-05-02	2026-05-02	P1	175.00	64.00	20.90	ideal	23
ada4e159-5a14-5877-a746-5e606a03e709	erimba cakra buyung t.	roustabout	lto-150	2000-04-02	\N	c7ff46a5-facd-40a2-bcf7-cb0d20d65280	2025-05-03	2026-05-03	P2	161.00	54.00	20.83	ideal	25
c9cfd802-e669-578c-99e9-10c47ef9e35e	achmad nur arifin l.	roustabout	lto-150	1999-01-13	\N	c7ff46a5-facd-40a2-bcf7-cb0d20d65280	2025-05-06	2026-05-06	P4	158.00	65.00	26.04	overweight	26
56bfb238-091c-5b2c-8f0a-d6ef135700c0	fredi sukamto n.	coman	lto-150	1985-03-15	\N	c7ff46a5-facd-40a2-bcf7-cb0d20d65280	2024-12-05	2025-12-05	P4	\N	\N	0.00	underweight	40
26c06c8b-b687-5d38-94cd-4cf7079e19c8	rigga epsi b.	coman	lto-150	\N	\N	c7ff46a5-facd-40a2-bcf7-cb0d20d65280	2024-08-15	2025-08-15	P4	\N	\N	0.00	underweight	\N
c15ba036-8809-544d-a385-5b61d8f6de52	dede wahyudi	coman	lto-150	1985-10-25	\N	c7ff46a5-facd-40a2-bcf7-cb0d20d65280	2025-06-12	2026-06-12	P4	177.00	90.00	28.73	overweight	39
f062b287-6ecf-5984-b401-37e4ef441562	nugroho d. c.	safety officer	lto-150	1992-10-18	\N	c7ff46a5-facd-40a2-bcf7-cb0d20d65280	2025-07-08	2026-07-08	P4	159.00	82.00	32.44	obese	32
df0d712d-5b9f-592e-84ad-8f2a6c52d124	dirga ageng s.	safety officer	lto-150	\N	\N	c7ff46a5-facd-40a2-bcf7-cb0d20d65280	2025-05-24	2026-05-24	P4	\N	\N	0.00	underweight	\N
81861c10-cfad-5065-a4f4-dddddb1b53cc	tomi s.	driver coman	lto-150	\N	\N	c7ff46a5-facd-40a2-bcf7-cb0d20d65280	\N	\N	NAN	\N	\N	0.00	underweight	\N
f6ce8453-1376-567f-bd54-8014c91c13ed	andik	driver coman	lto-150	\N	\N	c7ff46a5-facd-40a2-bcf7-cb0d20d65280	\N	\N	NAN	\N	\N	0.00	underweight	\N
6f587ea7-84a3-5c54-ae05-01881135e594	suyoto	opt. hoist	taylor c-200	1970-10-17	\N	c7ff46a5-facd-40a2-bcf7-cb0d20d65280	2024-11-04	2025-11-04	P3	168.00	68.00	24.09	ideal	55
dc8de87f-a3cb-5e1e-b51d-99c9277080b4	reagan banua g. s.	derrickman	taylor c-200	1981-04-20	\N	c7ff46a5-facd-40a2-bcf7-cb0d20d65280	2024-11-04	2025-11-04	P4	170.00	90.00	31.14	obese	44
bb5986c7-5a34-564d-8cb9-71c6268327e9	budi prasetyo	derrickman	taylor c-200	1977-03-11	\N	c7ff46a5-facd-40a2-bcf7-cb0d20d65280	2024-11-05	2025-11-05	P5	165.00	67.00	24.61	ideal	48
af4d88a1-3833-56f4-bc7d-9b29792ea6b4	sonny	floorman	taylor c-200	1993-10-30	\N	c7ff46a5-facd-40a2-bcf7-cb0d20d65280	2024-11-07	2025-11-07	P3	175.00	57.00	18.61	ideal	31
bd62a055-8791-5bd4-9273-d29e7bc2d6f9	sucipto	floorman	taylor c-200	1972-08-30	\N	c7ff46a5-facd-40a2-bcf7-cb0d20d65280	2024-11-04	2025-11-04	P5	165.00	75.00	27.55	overweight	53
b57c5d47-19c2-515b-9da4-6eccf82bf718	yopi p.	floorman	taylor c-200	1994-04-03	\N	c7ff46a5-facd-40a2-bcf7-cb0d20d65280	2024-11-15	2025-11-15	P2	165.00	68.00	24.98	ideal	31
5814cf55-53ce-5693-97a3-16d82331f4c7	ari prasetyo	motoris	taylor c-200	1996-05-07	\N	c7ff46a5-facd-40a2-bcf7-cb0d20d65280	2024-11-15	2025-11-15	P2	150.00	50.00	22.22	ideal	29
ca8f135d-a3d6-5fe6-b768-433b8b704d62	alfin imanudin	roustabout	taylor c-200	1997-10-07	\N	c7ff46a5-facd-40a2-bcf7-cb0d20d65280	2025-05-02	2026-05-02	P3	173.00	65.00	21.72	ideal	28
a9050233-0c5e-549e-a8d6-9626c1746f05	agus budi prasetyo	opt. hoist	taylor c-200	1970-04-07	\N	c7ff46a5-facd-40a2-bcf7-cb0d20d65280	2024-11-07	2025-11-07	P4	170.00	78.00	26.99	overweight	55
03ad932d-af5d-57f0-a1af-ebd06b650bfe	sriadi	derrickman	taylor c-200	1976-07-25	\N	c7ff46a5-facd-40a2-bcf7-cb0d20d65280	2024-11-05	2025-11-05	P3	165.00	65.00	23.88	ideal	49
7d70ef9a-d42c-5a0f-abb7-ec7af954feb7	aris m.	floorman	taylor c-200	1979-04-03	\N	c7ff46a5-facd-40a2-bcf7-cb0d20d65280	2024-11-08	2025-11-08	P4	155.00	65.00	27.06	overweight	46
0acbf30e-5276-54bd-8206-8ec2f88e906a	suyanto	floorman	taylor c-200	1973-03-23	\N	c7ff46a5-facd-40a2-bcf7-cb0d20d65280	2024-11-07	2025-11-07	P4	165.00	70.00	25.71	overweight	52
30104c68-3da9-5919-a948-b24533c334b3	agung p.	floorman	taylor c-200	1976-08-02	\N	c7ff46a5-facd-40a2-bcf7-cb0d20d65280	2024-11-07	2025-11-07	P4	165.00	63.00	23.14	ideal	49
40d1cefd-441b-5ff1-823d-eac1c2edb77c	oragasari d. h.	roustabout	taylor c-200	1998-10-27	\N	c7ff46a5-facd-40a2-bcf7-cb0d20d65280	2025-05-06	2026-05-06	P4	165.00	66.00	24.24	ideal	26
8b6d9a05-937e-5558-8d9b-bcec4f603e7d	giat budi p.	motoris	taylor c-200	1998-03-12	\N	c7ff46a5-facd-40a2-bcf7-cb0d20d65280	2024-11-06	2025-11-06	P2	165.00	53.00	19.47	ideal	27
82d64a3d-1cbf-52ca-8725-420cfae22741	totok h.	opt. hoist	taylor c-200	1973-04-26	\N	c7ff46a5-facd-40a2-bcf7-cb0d20d65280	2024-11-05	2025-11-05	P4	165.00	65.00	23.88	ideal	52
b8a6ee81-abd3-5491-a620-78974885baae	eko adi h.	derrickman	taylor c-200	1979-09-27	\N	c7ff46a5-facd-40a2-bcf7-cb0d20d65280	2024-11-05	2025-11-05	P4	178.00	70.00	22.09	ideal	46
836d4e61-d01c-5229-a617-2c3cd707b375	antoko	floorman	taylor c-200	1983-01-03	\N	c7ff46a5-facd-40a2-bcf7-cb0d20d65280	2024-11-11	2025-11-11	P4	162.00	63.00	24.01	ideal	42
58b7cf15-fba1-5cf1-931f-a7bfe9a83a0b	abu sofyan	floorman	taylor c-200	1977-07-03	\N	c7ff46a5-facd-40a2-bcf7-cb0d20d65280	2024-11-04	2025-11-04	P5	162.00	89.00	33.91	obese	48
a403086c-07af-51bb-bbfc-0b0948dacb3d	imam sahyudi	floorman	taylor c-200	1998-08-28	\N	c7ff46a5-facd-40a2-bcf7-cb0d20d65280	2024-11-11	2025-11-11	P3	170.00	56.00	19.38	ideal	27
7baba3a5-0026-504c-a65a-ff6c2aba6620	nyadi	motoris	taylor c-200	1972-01-20	\N	c7ff46a5-facd-40a2-bcf7-cb0d20d65280	2024-11-05	2025-11-05	P5	157.00	58.00	23.53	ideal	53
37300631-2935-5459-8ff2-cf6c87713b3d	rezza ferdiyan s.	roustabout	taylor c-200	2004-02-09	\N	c7ff46a5-facd-40a2-bcf7-cb0d20d65280	2025-05-03	2026-05-03	P4	174.00	94.00	31.05	obese	21
5a97ccc2-8885-5627-be59-44be220a53a3	tri harris n.	coman	taylor c-200	1982-12-18	\N	c7ff46a5-facd-40a2-bcf7-cb0d20d65280	2025-08-08	2026-08-08	P4	165.00	75.00	27.55	overweight	42
817fe6ce-3249-504d-b67f-140e5ee5cbee	yehezkiel d.	coman	taylor c-200	1996-07-30	\N	c7ff46a5-facd-40a2-bcf7-cb0d20d65280	2025-08-14	2026-08-14	P3	172.00	76.00	25.69	overweight	29
ac722a13-793e-51d7-be3c-cc5d27ed1cbb	eko agus sutejo	coman	taylor c-200	1970-12-21	\N	c7ff46a5-facd-40a2-bcf7-cb0d20d65280	2025-06-11	2026-06-11	P4	161.00	73.00	28.16	overweight	54
05bef456-1a6f-581b-afd6-cc217e7b0976	ulil albab	safety officer	taylor c-200	1987-07-04	\N	c7ff46a5-facd-40a2-bcf7-cb0d20d65280	2025-08-08	2026-08-08	P4	160.00	69.00	26.95	overweight	38
d39d6c55-9e8a-522f-94e7-f9d248650b57	triyono w.	safety officer	taylor c-200	1976-09-12	\N	c7ff46a5-facd-40a2-bcf7-cb0d20d65280	2025-07-24	2026-07-24	P4	163.00	73.00	27.48	overweight	49
593fcb25-48e7-5dc7-bd92-d79c78a52c5a	heri tiyoko	driver coman	taylor c-200	\N	\N	c7ff46a5-facd-40a2-bcf7-cb0d20d65280	\N	\N	NAN	\N	\N	0.00	underweight	\N
de76e2c1-e3e3-5e6a-ae76-ba9550f07edf	fendi	driver coman	taylor c-200	\N	\N	c7ff46a5-facd-40a2-bcf7-cb0d20d65280	\N	\N	NAN	\N	\N	0.00	underweight	\N
25483881-a095-574b-b472-e8838615594b	nugroho ery s.	ast. man. ws	office	1970-05-21	\N	c7ff46a5-facd-40a2-bcf7-cb0d20d65280	2025-06-11	2026-06-11	P3	165.00	80.00	29.39	overweight	55
c71561cd-3f8d-5dc4-981f-28d3b7e4f27b	david kuncoro	sr. spv. ws	office	1986-01-04	\N	c7ff46a5-facd-40a2-bcf7-cb0d20d65280	2025-06-22	2026-06-22	P3	176.00	65.00	20.98	ideal	39
7bbacd1e-0f43-567f-8e25-80259653d4f3	teguh rachman h.	eng. ws	office	1991-03-23	\N	c7ff46a5-facd-40a2-bcf7-cb0d20d65280	2025-06-11	2026-06-11	P4	165.00	76.00	27.92	overweight	34
361a15d5-1d0e-579d-bd9d-757ecdde729a	nabilla justicia a.	jr. eng. ws	office	2000-06-19	\N	c7ff46a5-facd-40a2-bcf7-cb0d20d65280	2025-06-11	2026-06-11	P3	155.00	60.00	24.97	ideal	25
c020c548-d82a-5459-927d-bca023e55e53	abdurrohan	coman	ehr#10	1972-01-19	\N	c7ff46a5-facd-40a2-bcf7-cb0d20d65280	2025-06-11	2026-06-11	P4	155.00	60.00	24.97	ideal	53
de819513-f066-5f6b-a942-62ae793bf679	gunawan wibisono	coman	ehr#10	1986-05-08	\N	c7ff46a5-facd-40a2-bcf7-cb0d20d65280	2024-09-10	2025-09-10	P3	161.00	67.00	25.85	overweight	39
c6e875d2-9a59-587c-954b-7f4ec5151db9	indra p. w.	coman	ehr#10	1985-04-02	\N	c7ff46a5-facd-40a2-bcf7-cb0d20d65280	2024-12-18	2025-12-18	P4	168.00	67.00	23.74	ideal	40
58c4b91b-48de-5820-b850-296ed592b515	hendra ratna a.	sr. spv. ws	office	1981-03-13	\N	c7ff46a5-facd-40a2-bcf7-cb0d20d65280	2025-07-08	2026-07-08	P4	167.00	72.00	25.82	overweight	44
48645a87-f342-5e7b-80fd-d6818827c13a	budiarso	tech. tools artificial lift	office	1977-03-15	\N	c7ff46a5-facd-40a2-bcf7-cb0d20d65280	2025-06-11	2026-06-11	P4	167.00	74.00	26.53	overweight	48
66c8f5af-ce43-53c1-98e6-7ba640108957	taufiq zakaria	hse koordinator	office	1982-01-01	\N	c7ff46a5-facd-40a2-bcf7-cb0d20d65280	2025-05-09	2026-05-09	P2	169.00	70.00	24.51	ideal	43
b7f9c4fe-2bb2-5bff-9841-19f88a4fc8cc	baktiar julianto	hse koordinator	office	1991-07-07	\N	c7ff46a5-facd-40a2-bcf7-cb0d20d65280	2025-07-08	2026-07-08	P4	166.00	90.00	32.66	obese	34
e7c4ede8-5c95-5289-ab87-92fb6235a223	hasyholan j. h.	tech. tools artificial lift	office	1985-06-29	\N	c7ff46a5-facd-40a2-bcf7-cb0d20d65280	2024-12-21	2025-12-21	P4	173.00	80.00	26.73	overweight	40
67ad08a6-22fd-57c8-adff-509d02f8766c	wakhid syaiful h.	jr. eng. ws	office	1997-06-19	\N	c7ff46a5-facd-40a2-bcf7-cb0d20d65280	\N	\N	NAN	167.00	68.00	24.38	ideal	28
3d65cf01-3b0e-5c43-9ca1-04f99c757515	rahman n. h.	jr. eng. ws	office	1996-09-13	\N	c7ff46a5-facd-40a2-bcf7-cb0d20d65280	\N	\N	NAN	170.00	85.00	29.41	overweight	29
c106d8b0-d7e0-5ffd-bb3e-bbecfc2c020a	intan kartika n.	jr. contract analyst	office	1997-01-29	\N	c7ff46a5-facd-40a2-bcf7-cb0d20d65280	\N	\N	NAN	163.00	57.00	21.45	ideal	28
00bf09d5-b3b6-5e2e-b4f0-dbf877c2437e	dian novilasari	admin	office	1989-11-08	\N	c7ff46a5-facd-40a2-bcf7-cb0d20d65280	\N	\N	NAN	150.00	60.00	26.67	overweight	35
0be7ff79-03ff-5c8a-83b1-81dde43b5816	tentrem bagiyo	toolman	toolshop	1982-10-29	\N	c7ff46a5-facd-40a2-bcf7-cb0d20d65280	\N	\N	NAN	172.00	85.00	28.73	overweight	42
b341e7ae-9a3c-5dda-ae41-c51eecfdae7c	agus sutarto	toolman	toolshop	1978-08-04	\N	c7ff46a5-facd-40a2-bcf7-cb0d20d65280	\N	\N	NAN	161.00	56.00	21.60	ideal	47
158b043c-bdf0-52bd-8813-3576b5fa1966	jaswadi (a)	toolman	toolshop	1978-03-05	\N	c7ff46a5-facd-40a2-bcf7-cb0d20d65280	\N	\N	NAN	165.00	64.00	23.51	ideal	47
36755ec6-5085-548a-b34f-356b08950e14	atryas wibisono	welder	toolshop	1995-03-10	\N	c7ff46a5-facd-40a2-bcf7-cb0d20d65280	2025-09-08	2026-09-08	P2	163.00	66.00	24.84	ideal	30
2781a1b7-1e6b-5d3d-80e0-b1d60692f446	puji kartiono	welder	toolshop	1988-11-12	\N	c7ff46a5-facd-40a2-bcf7-cb0d20d65280	2025-05-10	2026-05-10	P4	166.00	55.00	19.96	ideal	36
8944794e-46e7-511d-be12-7ed51edb2444	m. nur rohman	toolman	toolshop	1990-07-19	\N	c7ff46a5-facd-40a2-bcf7-cb0d20d65280	2025-09-09	2026-09-09	P3	164.00	56.00	20.82	ideal	35
4bf70d1c-51fa-5e0d-8c18-85d8e797b737	mas deni	toolman	toolshop	1997-09-01	\N	c7ff46a5-facd-40a2-bcf7-cb0d20d65280	2025-09-08	2026-09-08	P2	170.00	55.00	19.03	ideal	28
c2020166-3897-5180-96d1-9f1c519b127c	andika irvan	toolman	toolshop	2001-09-28	\N	c7ff46a5-facd-40a2-bcf7-cb0d20d65280	2025-09-10	2026-09-10	P4	165.00	53.00	19.47	ideal	24
9303126e-e8ba-5c88-9cd3-7a619769fc9b	karunia fajar w.	safety officer	toolshop	2002-06-16	\N	c7ff46a5-facd-40a2-bcf7-cb0d20d65280	2025-09-16	2026-09-16	P5	165.00	90.00	33.06	obese	23
\.


--
-- Data for Name: lokasi; Type: TABLE DATA; Schema: public; Owner: postgres
--

COPY public.lokasi (name) FROM stdin;
Rig LTO-150
Rig Taylor C-200
Rig AB-100
Kantor
Rig HWU EHR#10
\.


--
-- Data for Name: users; Type: TABLE DATA; Schema: public; Owner: postgres
--

COPY public.users (id, username, password, role, created_at) FROM stdin;
1	master	$2b$12$qTWNGoWfukaWDM2CgI0SHeyjG/Bg2ZDEyq1Z4qOxE.kTNVwU0uIzW	Master	2025-09-21 23:09:10.998675
2	manager	$2b$12$zYTaWmJTrDcvxRZnv2nM1O5GXcgJMOofT2/zEvXWpfu0zhomUl/wa	Manager	2025-09-21 23:09:10.998675
3	nurse test	$2b$12$AX.zvW8NDmM6jcCBOmmJaeZFpOALA6sQHdwcl46kA1dLzOEEB0OuC	Tenaga Kesehatan	2025-09-21 23:09:10.998675
\.


--
-- Name: auth_group_id_seq; Type: SEQUENCE SET; Schema: public; Owner: postgres
--

SELECT pg_catalog.setval('public.auth_group_id_seq', 1, false);


--
-- Name: auth_group_permissions_id_seq; Type: SEQUENCE SET; Schema: public; Owner: postgres
--

SELECT pg_catalog.setval('public.auth_group_permissions_id_seq', 1, false);


--
-- Name: auth_permission_id_seq; Type: SEQUENCE SET; Schema: public; Owner: postgres
--

SELECT pg_catalog.setval('public.auth_permission_id_seq', 24, true);


--
-- Name: auth_user_groups_id_seq; Type: SEQUENCE SET; Schema: public; Owner: postgres
--

SELECT pg_catalog.setval('public.auth_user_groups_id_seq', 1, false);


--
-- Name: auth_user_id_seq; Type: SEQUENCE SET; Schema: public; Owner: postgres
--

SELECT pg_catalog.setval('public.auth_user_id_seq', 1, false);


--
-- Name: auth_user_user_permissions_id_seq; Type: SEQUENCE SET; Schema: public; Owner: postgres
--

SELECT pg_catalog.setval('public.auth_user_user_permissions_id_seq', 1, false);


--
-- Name: checkups_checkup_id_seq; Type: SEQUENCE SET; Schema: public; Owner: postgres
--

SELECT pg_catalog.setval('public.checkups_checkup_id_seq', 1234, true);


--
-- Name: django_admin_log_id_seq; Type: SEQUENCE SET; Schema: public; Owner: postgres
--

SELECT pg_catalog.setval('public.django_admin_log_id_seq', 1, false);


--
-- Name: django_content_type_id_seq; Type: SEQUENCE SET; Schema: public; Owner: postgres
--

SELECT pg_catalog.setval('public.django_content_type_id_seq', 6, true);


--
-- Name: django_migrations_id_seq; Type: SEQUENCE SET; Schema: public; Owner: postgres
--

SELECT pg_catalog.setval('public.django_migrations_id_seq', 19, true);


--
-- Name: users_id_seq; Type: SEQUENCE SET; Schema: public; Owner: postgres
--

SELECT pg_catalog.setval('public.users_id_seq', 3, true);


--
-- Name: auth_group auth_group_name_key; Type: CONSTRAINT; Schema: public; Owner: postgres
--

ALTER TABLE ONLY public.auth_group
    ADD CONSTRAINT auth_group_name_key UNIQUE (name);


--
-- Name: auth_group_permissions auth_group_permissions_group_id_permission_id_0cd325b0_uniq; Type: CONSTRAINT; Schema: public; Owner: postgres
--

ALTER TABLE ONLY public.auth_group_permissions
    ADD CONSTRAINT auth_group_permissions_group_id_permission_id_0cd325b0_uniq UNIQUE (group_id, permission_id);


--
-- Name: auth_group_permissions auth_group_permissions_pkey; Type: CONSTRAINT; Schema: public; Owner: postgres
--

ALTER TABLE ONLY public.auth_group_permissions
    ADD CONSTRAINT auth_group_permissions_pkey PRIMARY KEY (id);


--
-- Name: auth_group auth_group_pkey; Type: CONSTRAINT; Schema: public; Owner: postgres
--

ALTER TABLE ONLY public.auth_group
    ADD CONSTRAINT auth_group_pkey PRIMARY KEY (id);


--
-- Name: auth_permission auth_permission_content_type_id_codename_01ab375a_uniq; Type: CONSTRAINT; Schema: public; Owner: postgres
--

ALTER TABLE ONLY public.auth_permission
    ADD CONSTRAINT auth_permission_content_type_id_codename_01ab375a_uniq UNIQUE (content_type_id, codename);


--
-- Name: auth_permission auth_permission_pkey; Type: CONSTRAINT; Schema: public; Owner: postgres
--

ALTER TABLE ONLY public.auth_permission
    ADD CONSTRAINT auth_permission_pkey PRIMARY KEY (id);


--
-- Name: auth_user_groups auth_user_groups_pkey; Type: CONSTRAINT; Schema: public; Owner: postgres
--

ALTER TABLE ONLY public.auth_user_groups
    ADD CONSTRAINT auth_user_groups_pkey PRIMARY KEY (id);


--
-- Name: auth_user_groups auth_user_groups_user_id_group_id_94350c0c_uniq; Type: CONSTRAINT; Schema: public; Owner: postgres
--

ALTER TABLE ONLY public.auth_user_groups
    ADD CONSTRAINT auth_user_groups_user_id_group_id_94350c0c_uniq UNIQUE (user_id, group_id);


--
-- Name: auth_user auth_user_pkey; Type: CONSTRAINT; Schema: public; Owner: postgres
--

ALTER TABLE ONLY public.auth_user
    ADD CONSTRAINT auth_user_pkey PRIMARY KEY (id);


--
-- Name: auth_user_user_permissions auth_user_user_permissions_pkey; Type: CONSTRAINT; Schema: public; Owner: postgres
--

ALTER TABLE ONLY public.auth_user_user_permissions
    ADD CONSTRAINT auth_user_user_permissions_pkey PRIMARY KEY (id);


--
-- Name: auth_user_user_permissions auth_user_user_permissions_user_id_permission_id_14a6b632_uniq; Type: CONSTRAINT; Schema: public; Owner: postgres
--

ALTER TABLE ONLY public.auth_user_user_permissions
    ADD CONSTRAINT auth_user_user_permissions_user_id_permission_id_14a6b632_uniq UNIQUE (user_id, permission_id);


--
-- Name: auth_user auth_user_username_key; Type: CONSTRAINT; Schema: public; Owner: postgres
--

ALTER TABLE ONLY public.auth_user
    ADD CONSTRAINT auth_user_username_key UNIQUE (username);


--
-- Name: checkups checkups_pkey; Type: CONSTRAINT; Schema: public; Owner: postgres
--

ALTER TABLE ONLY public.checkups
    ADD CONSTRAINT checkups_pkey PRIMARY KEY (checkup_id);


--
-- Name: django_admin_log django_admin_log_pkey; Type: CONSTRAINT; Schema: public; Owner: postgres
--

ALTER TABLE ONLY public.django_admin_log
    ADD CONSTRAINT django_admin_log_pkey PRIMARY KEY (id);


--
-- Name: django_content_type django_content_type_app_label_model_76bd3d3b_uniq; Type: CONSTRAINT; Schema: public; Owner: postgres
--

ALTER TABLE ONLY public.django_content_type
    ADD CONSTRAINT django_content_type_app_label_model_76bd3d3b_uniq UNIQUE (app_label, model);


--
-- Name: django_content_type django_content_type_pkey; Type: CONSTRAINT; Schema: public; Owner: postgres
--

ALTER TABLE ONLY public.django_content_type
    ADD CONSTRAINT django_content_type_pkey PRIMARY KEY (id);


--
-- Name: django_migrations django_migrations_pkey; Type: CONSTRAINT; Schema: public; Owner: postgres
--

ALTER TABLE ONLY public.django_migrations
    ADD CONSTRAINT django_migrations_pkey PRIMARY KEY (id);


--
-- Name: django_session django_session_pkey; Type: CONSTRAINT; Schema: public; Owner: postgres
--

ALTER TABLE ONLY public.django_session
    ADD CONSTRAINT django_session_pkey PRIMARY KEY (session_key);


--
-- Name: karyawan karyawan_pkey; Type: CONSTRAINT; Schema: public; Owner: postgres
--

ALTER TABLE ONLY public.karyawan
    ADD CONSTRAINT karyawan_pkey PRIMARY KEY (uid);


--
-- Name: lokasi lokasi_pkey; Type: CONSTRAINT; Schema: public; Owner: postgres
--

ALTER TABLE ONLY public.lokasi
    ADD CONSTRAINT lokasi_pkey PRIMARY KEY (name);


--
-- Name: users users_pkey; Type: CONSTRAINT; Schema: public; Owner: postgres
--

ALTER TABLE ONLY public.users
    ADD CONSTRAINT users_pkey PRIMARY KEY (id);


--
-- Name: users users_username_key; Type: CONSTRAINT; Schema: public; Owner: postgres
--

ALTER TABLE ONLY public.users
    ADD CONSTRAINT users_username_key UNIQUE (username);


--
-- Name: auth_group_name_a6ea08ec_like; Type: INDEX; Schema: public; Owner: postgres
--

CREATE INDEX auth_group_name_a6ea08ec_like ON public.auth_group USING btree (name varchar_pattern_ops);


--
-- Name: auth_group_permissions_group_id_b120cbf9; Type: INDEX; Schema: public; Owner: postgres
--

CREATE INDEX auth_group_permissions_group_id_b120cbf9 ON public.auth_group_permissions USING btree (group_id);


--
-- Name: auth_group_permissions_permission_id_84c5c92e; Type: INDEX; Schema: public; Owner: postgres
--

CREATE INDEX auth_group_permissions_permission_id_84c5c92e ON public.auth_group_permissions USING btree (permission_id);


--
-- Name: auth_permission_content_type_id_2f476e4b; Type: INDEX; Schema: public; Owner: postgres
--

CREATE INDEX auth_permission_content_type_id_2f476e4b ON public.auth_permission USING btree (content_type_id);


--
-- Name: auth_user_groups_group_id_97559544; Type: INDEX; Schema: public; Owner: postgres
--

CREATE INDEX auth_user_groups_group_id_97559544 ON public.auth_user_groups USING btree (group_id);


--
-- Name: auth_user_groups_user_id_6a12ed8b; Type: INDEX; Schema: public; Owner: postgres
--

CREATE INDEX auth_user_groups_user_id_6a12ed8b ON public.auth_user_groups USING btree (user_id);


--
-- Name: auth_user_user_permissions_permission_id_1fbb5f2c; Type: INDEX; Schema: public; Owner: postgres
--

CREATE INDEX auth_user_user_permissions_permission_id_1fbb5f2c ON public.auth_user_user_permissions USING btree (permission_id);


--
-- Name: auth_user_user_permissions_user_id_a95ead1b; Type: INDEX; Schema: public; Owner: postgres
--

CREATE INDEX auth_user_user_permissions_user_id_a95ead1b ON public.auth_user_user_permissions USING btree (user_id);


--
-- Name: auth_user_username_6821ab7c_like; Type: INDEX; Schema: public; Owner: postgres
--

CREATE INDEX auth_user_username_6821ab7c_like ON public.auth_user USING btree (username varchar_pattern_ops);


--
-- Name: django_admin_log_content_type_id_c4bce8eb; Type: INDEX; Schema: public; Owner: postgres
--

CREATE INDEX django_admin_log_content_type_id_c4bce8eb ON public.django_admin_log USING btree (content_type_id);


--
-- Name: django_admin_log_user_id_c564eba6; Type: INDEX; Schema: public; Owner: postgres
--

CREATE INDEX django_admin_log_user_id_c564eba6 ON public.django_admin_log USING btree (user_id);


--
-- Name: django_session_expire_date_a5c62663; Type: INDEX; Schema: public; Owner: postgres
--

CREATE INDEX django_session_expire_date_a5c62663 ON public.django_session USING btree (expire_date);


--
-- Name: django_session_session_key_c0390e0f_like; Type: INDEX; Schema: public; Owner: postgres
--

CREATE INDEX django_session_session_key_c0390e0f_like ON public.django_session USING btree (session_key varchar_pattern_ops);


--
-- Name: auth_group_permissions auth_group_permissio_permission_id_84c5c92e_fk_auth_perm; Type: FK CONSTRAINT; Schema: public; Owner: postgres
--

ALTER TABLE ONLY public.auth_group_permissions
    ADD CONSTRAINT auth_group_permissio_permission_id_84c5c92e_fk_auth_perm FOREIGN KEY (permission_id) REFERENCES public.auth_permission(id) DEFERRABLE INITIALLY DEFERRED;


--
-- Name: auth_group_permissions auth_group_permissions_group_id_b120cbf9_fk_auth_group_id; Type: FK CONSTRAINT; Schema: public; Owner: postgres
--

ALTER TABLE ONLY public.auth_group_permissions
    ADD CONSTRAINT auth_group_permissions_group_id_b120cbf9_fk_auth_group_id FOREIGN KEY (group_id) REFERENCES public.auth_group(id) DEFERRABLE INITIALLY DEFERRED;


--
-- Name: auth_permission auth_permission_content_type_id_2f476e4b_fk_django_co; Type: FK CONSTRAINT; Schema: public; Owner: postgres
--

ALTER TABLE ONLY public.auth_permission
    ADD CONSTRAINT auth_permission_content_type_id_2f476e4b_fk_django_co FOREIGN KEY (content_type_id) REFERENCES public.django_content_type(id) DEFERRABLE INITIALLY DEFERRED;


--
-- Name: auth_user_groups auth_user_groups_group_id_97559544_fk_auth_group_id; Type: FK CONSTRAINT; Schema: public; Owner: postgres
--

ALTER TABLE ONLY public.auth_user_groups
    ADD CONSTRAINT auth_user_groups_group_id_97559544_fk_auth_group_id FOREIGN KEY (group_id) REFERENCES public.auth_group(id) DEFERRABLE INITIALLY DEFERRED;


--
-- Name: auth_user_groups auth_user_groups_user_id_6a12ed8b_fk_auth_user_id; Type: FK CONSTRAINT; Schema: public; Owner: postgres
--

ALTER TABLE ONLY public.auth_user_groups
    ADD CONSTRAINT auth_user_groups_user_id_6a12ed8b_fk_auth_user_id FOREIGN KEY (user_id) REFERENCES public.auth_user(id) DEFERRABLE INITIALLY DEFERRED;


--
-- Name: auth_user_user_permissions auth_user_user_permi_permission_id_1fbb5f2c_fk_auth_perm; Type: FK CONSTRAINT; Schema: public; Owner: postgres
--

ALTER TABLE ONLY public.auth_user_user_permissions
    ADD CONSTRAINT auth_user_user_permi_permission_id_1fbb5f2c_fk_auth_perm FOREIGN KEY (permission_id) REFERENCES public.auth_permission(id) DEFERRABLE INITIALLY DEFERRED;


--
-- Name: auth_user_user_permissions auth_user_user_permissions_user_id_a95ead1b_fk_auth_user_id; Type: FK CONSTRAINT; Schema: public; Owner: postgres
--

ALTER TABLE ONLY public.auth_user_user_permissions
    ADD CONSTRAINT auth_user_user_permissions_user_id_a95ead1b_fk_auth_user_id FOREIGN KEY (user_id) REFERENCES public.auth_user(id) DEFERRABLE INITIALLY DEFERRED;


--
-- Name: checkups checkups_uid_fkey; Type: FK CONSTRAINT; Schema: public; Owner: postgres
--

ALTER TABLE ONLY public.checkups
    ADD CONSTRAINT checkups_uid_fkey FOREIGN KEY (uid) REFERENCES public.karyawan(uid) ON DELETE CASCADE;


--
-- Name: django_admin_log django_admin_log_content_type_id_c4bce8eb_fk_django_co; Type: FK CONSTRAINT; Schema: public; Owner: postgres
--

ALTER TABLE ONLY public.django_admin_log
    ADD CONSTRAINT django_admin_log_content_type_id_c4bce8eb_fk_django_co FOREIGN KEY (content_type_id) REFERENCES public.django_content_type(id) DEFERRABLE INITIALLY DEFERRED;


--
-- Name: django_admin_log django_admin_log_user_id_c564eba6_fk_auth_user_id; Type: FK CONSTRAINT; Schema: public; Owner: postgres
--

ALTER TABLE ONLY public.django_admin_log
    ADD CONSTRAINT django_admin_log_user_id_c564eba6_fk_auth_user_id FOREIGN KEY (user_id) REFERENCES public.auth_user(id) DEFERRABLE INITIALLY DEFERRED;


--
-- PostgreSQL database dump complete
--

\unrestrict jZcINvg5hBnvhAC03CpLOYdJ86V4Pae1ma0OEKgaE6T1S3dTHo5BnsUxgyyoJt9

