--
-- PostgreSQL database dump
--

\restrict S1DHYIaqcXJv6hcQjaXBrbaPeZ7zs08F5TetvA5DeH3qXsm67cWiZWQYIQfOkYr

-- Dumped from database version 17.6
-- Dumped by pg_dump version 17.6

SET statement_timeout = 0;
SET lock_timeout = 0;
SET idle_in_transaction_session_timeout = 0;
SET transaction_timeout = 0;
SET client_encoding = 'UTF8';
SET standard_conforming_strings = on;
SELECT pg_catalog.set_config('search_path', '', false);
SET check_function_bodies = false;
SET xmloption = content;
SET client_min_messages = warning;
SET row_security = off;

--
-- Name: public; Type: SCHEMA; Schema: -; Owner: -
--

CREATE SCHEMA public;


--
-- Name: SCHEMA public; Type: COMMENT; Schema: -; Owner: -
--

COMMENT ON SCHEMA public IS 'standard public schema';


SET default_tablespace = '';

SET default_table_access_method = heap;

--
-- Name: auth_group; Type: TABLE; Schema: public; Owner: -
--

CREATE TABLE public.auth_group (
    id integer NOT NULL,
    name character varying(150) NOT NULL
);


--
-- Name: auth_group_id_seq; Type: SEQUENCE; Schema: public; Owner: -
--

ALTER TABLE public.auth_group ALTER COLUMN id ADD GENERATED BY DEFAULT AS IDENTITY (
    SEQUENCE NAME public.auth_group_id_seq
    START WITH 1
    INCREMENT BY 1
    NO MINVALUE
    NO MAXVALUE
    CACHE 1
);


--
-- Name: auth_group_permissions; Type: TABLE; Schema: public; Owner: -
--

CREATE TABLE public.auth_group_permissions (
    id bigint NOT NULL,
    group_id integer NOT NULL,
    permission_id integer NOT NULL
);


--
-- Name: auth_group_permissions_id_seq; Type: SEQUENCE; Schema: public; Owner: -
--

ALTER TABLE public.auth_group_permissions ALTER COLUMN id ADD GENERATED BY DEFAULT AS IDENTITY (
    SEQUENCE NAME public.auth_group_permissions_id_seq
    START WITH 1
    INCREMENT BY 1
    NO MINVALUE
    NO MAXVALUE
    CACHE 1
);


--
-- Name: auth_permission; Type: TABLE; Schema: public; Owner: -
--

CREATE TABLE public.auth_permission (
    id integer NOT NULL,
    name character varying(255) NOT NULL,
    content_type_id integer NOT NULL,
    codename character varying(100) NOT NULL
);


--
-- Name: auth_permission_id_seq; Type: SEQUENCE; Schema: public; Owner: -
--

ALTER TABLE public.auth_permission ALTER COLUMN id ADD GENERATED BY DEFAULT AS IDENTITY (
    SEQUENCE NAME public.auth_permission_id_seq
    START WITH 1
    INCREMENT BY 1
    NO MINVALUE
    NO MAXVALUE
    CACHE 1
);


--
-- Name: auth_user; Type: TABLE; Schema: public; Owner: -
--

CREATE TABLE public.auth_user (
    id integer NOT NULL,
    password character varying(128) NOT NULL,
    last_login timestamp with time zone,
    is_superuser boolean NOT NULL,
    username character varying(150) NOT NULL,
    first_name character varying(150) NOT NULL,
    last_name character varying(150) NOT NULL,
    email character varying(254) NOT NULL,
    is_staff boolean NOT NULL,
    is_active boolean NOT NULL,
    date_joined timestamp with time zone NOT NULL
);


--
-- Name: auth_user_groups; Type: TABLE; Schema: public; Owner: -
--

CREATE TABLE public.auth_user_groups (
    id bigint NOT NULL,
    user_id integer NOT NULL,
    group_id integer NOT NULL
);


--
-- Name: auth_user_groups_id_seq; Type: SEQUENCE; Schema: public; Owner: -
--

ALTER TABLE public.auth_user_groups ALTER COLUMN id ADD GENERATED BY DEFAULT AS IDENTITY (
    SEQUENCE NAME public.auth_user_groups_id_seq
    START WITH 1
    INCREMENT BY 1
    NO MINVALUE
    NO MAXVALUE
    CACHE 1
);


--
-- Name: auth_user_id_seq; Type: SEQUENCE; Schema: public; Owner: -
--

ALTER TABLE public.auth_user ALTER COLUMN id ADD GENERATED BY DEFAULT AS IDENTITY (
    SEQUENCE NAME public.auth_user_id_seq
    START WITH 1
    INCREMENT BY 1
    NO MINVALUE
    NO MAXVALUE
    CACHE 1
);


--
-- Name: auth_user_user_permissions; Type: TABLE; Schema: public; Owner: -
--

CREATE TABLE public.auth_user_user_permissions (
    id bigint NOT NULL,
    user_id integer NOT NULL,
    permission_id integer NOT NULL
);


--
-- Name: auth_user_user_permissions_id_seq; Type: SEQUENCE; Schema: public; Owner: -
--

ALTER TABLE public.auth_user_user_permissions ALTER COLUMN id ADD GENERATED BY DEFAULT AS IDENTITY (
    SEQUENCE NAME public.auth_user_user_permissions_id_seq
    START WITH 1
    INCREMENT BY 1
    NO MINVALUE
    NO MAXVALUE
    CACHE 1
);


--
-- Name: checkups; Type: TABLE; Schema: public; Owner: -
--

CREATE TABLE public.checkups (
    checkup_id integer NOT NULL,
    uid uuid NOT NULL,
    tanggal_checkup date NOT NULL,
    tanggal_lahir date,
    umur integer,
    tinggi numeric(5,2),
    berat numeric(5,2),
    lingkar_perut numeric(5,2),
    bmi numeric(5,2),
    gestational_diabetes numeric(5,2),
    cholesterol numeric(5,2),
    asam_urat numeric(5,2),
    status character varying(50),
    lokasi character varying(255),
    gula_darah_puasa numeric,
    gula_darah_sewaktu numeric,
    derajat_kesehatan character varying(10)
);


--
-- Name: checkups_checkup_id_seq; Type: SEQUENCE; Schema: public; Owner: -
--

CREATE SEQUENCE public.checkups_checkup_id_seq
    AS integer
    START WITH 1
    INCREMENT BY 1
    NO MINVALUE
    NO MAXVALUE
    CACHE 1;


--
-- Name: checkups_checkup_id_seq; Type: SEQUENCE OWNED BY; Schema: public; Owner: -
--

ALTER SEQUENCE public.checkups_checkup_id_seq OWNED BY public.checkups.checkup_id;


--
-- Name: django_admin_log; Type: TABLE; Schema: public; Owner: -
--

CREATE TABLE public.django_admin_log (
    id integer NOT NULL,
    action_time timestamp with time zone NOT NULL,
    object_id text,
    object_repr character varying(200) NOT NULL,
    action_flag smallint NOT NULL,
    change_message text NOT NULL,
    content_type_id integer,
    user_id integer NOT NULL,
    CONSTRAINT django_admin_log_action_flag_check CHECK ((action_flag >= 0))
);


--
-- Name: django_admin_log_id_seq; Type: SEQUENCE; Schema: public; Owner: -
--

ALTER TABLE public.django_admin_log ALTER COLUMN id ADD GENERATED BY DEFAULT AS IDENTITY (
    SEQUENCE NAME public.django_admin_log_id_seq
    START WITH 1
    INCREMENT BY 1
    NO MINVALUE
    NO MAXVALUE
    CACHE 1
);


--
-- Name: django_content_type; Type: TABLE; Schema: public; Owner: -
--

CREATE TABLE public.django_content_type (
    id integer NOT NULL,
    app_label character varying(100) NOT NULL,
    model character varying(100) NOT NULL
);


--
-- Name: django_content_type_id_seq; Type: SEQUENCE; Schema: public; Owner: -
--

ALTER TABLE public.django_content_type ALTER COLUMN id ADD GENERATED BY DEFAULT AS IDENTITY (
    SEQUENCE NAME public.django_content_type_id_seq
    START WITH 1
    INCREMENT BY 1
    NO MINVALUE
    NO MAXVALUE
    CACHE 1
);


--
-- Name: django_migrations; Type: TABLE; Schema: public; Owner: -
--

CREATE TABLE public.django_migrations (
    id bigint NOT NULL,
    app character varying(255) NOT NULL,
    name character varying(255) NOT NULL,
    applied timestamp with time zone NOT NULL
);


--
-- Name: django_migrations_id_seq; Type: SEQUENCE; Schema: public; Owner: -
--

ALTER TABLE public.django_migrations ALTER COLUMN id ADD GENERATED BY DEFAULT AS IDENTITY (
    SEQUENCE NAME public.django_migrations_id_seq
    START WITH 1
    INCREMENT BY 1
    NO MINVALUE
    NO MAXVALUE
    CACHE 1
);


--
-- Name: django_session; Type: TABLE; Schema: public; Owner: -
--

CREATE TABLE public.django_session (
    session_key character varying(40) NOT NULL,
    session_data text NOT NULL,
    expire_date timestamp with time zone NOT NULL
);


--
-- Name: karyawan; Type: TABLE; Schema: public; Owner: -
--

CREATE TABLE public.karyawan (
    uid uuid NOT NULL,
    nama text NOT NULL,
    jabatan text,
    lokasi text,
    tanggal_lahir date,
    uploaded_at timestamp without time zone DEFAULT now(),
    upload_batch_id uuid
);


--
-- Name: lokasi; Type: TABLE; Schema: public; Owner: -
--

CREATE TABLE public.lokasi (
    name text NOT NULL
);


--
-- Name: users; Type: TABLE; Schema: public; Owner: -
--

CREATE TABLE public.users (
    id integer NOT NULL,
    username character varying(100) NOT NULL,
    password text,
    role character varying(50) NOT NULL,
    created_at timestamp without time zone DEFAULT now()
);


--
-- Name: users_id_seq; Type: SEQUENCE; Schema: public; Owner: -
--

CREATE SEQUENCE public.users_id_seq
    AS integer
    START WITH 1
    INCREMENT BY 1
    NO MINVALUE
    NO MAXVALUE
    CACHE 1;


--
-- Name: users_id_seq; Type: SEQUENCE OWNED BY; Schema: public; Owner: -
--

ALTER SEQUENCE public.users_id_seq OWNED BY public.users.id;


--
-- Name: checkups checkup_id; Type: DEFAULT; Schema: public; Owner: -
--

ALTER TABLE ONLY public.checkups ALTER COLUMN checkup_id SET DEFAULT nextval('public.checkups_checkup_id_seq'::regclass);


--
-- Name: users id; Type: DEFAULT; Schema: public; Owner: -
--

ALTER TABLE ONLY public.users ALTER COLUMN id SET DEFAULT nextval('public.users_id_seq'::regclass);


--
-- Data for Name: auth_group; Type: TABLE DATA; Schema: public; Owner: -
--

COPY public.auth_group (id, name) FROM stdin;
\.


--
-- Data for Name: auth_group_permissions; Type: TABLE DATA; Schema: public; Owner: -
--

COPY public.auth_group_permissions (id, group_id, permission_id) FROM stdin;
\.


--
-- Data for Name: auth_permission; Type: TABLE DATA; Schema: public; Owner: -
--

COPY public.auth_permission (id, name, content_type_id, codename) FROM stdin;
1	Can add log entry	1	add_logentry
2	Can change log entry	1	change_logentry
3	Can delete log entry	1	delete_logentry
4	Can view log entry	1	view_logentry
5	Can add permission	2	add_permission
6	Can change permission	2	change_permission
7	Can delete permission	2	delete_permission
8	Can view permission	2	view_permission
9	Can add group	3	add_group
10	Can change group	3	change_group
11	Can delete group	3	delete_group
12	Can view group	3	view_group
13	Can add user	4	add_user
14	Can change user	4	change_user
15	Can delete user	4	delete_user
16	Can view user	4	view_user
17	Can add content type	5	add_contenttype
18	Can change content type	5	change_contenttype
19	Can delete content type	5	delete_contenttype
20	Can view content type	5	view_contenttype
21	Can add session	6	add_session
22	Can change session	6	change_session
23	Can delete session	6	delete_session
24	Can view session	6	view_session
\.


--
-- Data for Name: auth_user; Type: TABLE DATA; Schema: public; Owner: -
--

COPY public.auth_user (id, password, last_login, is_superuser, username, first_name, last_name, email, is_staff, is_active, date_joined) FROM stdin;
\.


--
-- Data for Name: auth_user_groups; Type: TABLE DATA; Schema: public; Owner: -
--

COPY public.auth_user_groups (id, user_id, group_id) FROM stdin;
\.


--
-- Data for Name: auth_user_user_permissions; Type: TABLE DATA; Schema: public; Owner: -
--

COPY public.auth_user_user_permissions (id, user_id, permission_id) FROM stdin;
\.


--
-- Data for Name: checkups; Type: TABLE DATA; Schema: public; Owner: -
--

COPY public.checkups (checkup_id, uid, tanggal_checkup, tanggal_lahir, umur, tinggi, berat, lingkar_perut, bmi, gestational_diabetes, cholesterol, asam_urat, status, lokasi, gula_darah_puasa, gula_darah_sewaktu, derajat_kesehatan) FROM stdin;
845	ef6d061c-0f0b-5f0e-ad57-ac3667ed7623	2025-10-13	1990-01-01	35	165.00	40.00	20.00	14.69	\N	200.00	4.00	\N	kantor	100	120	\N
846	faef548a-fcf5-562d-a24a-68827b350fa6	2025-10-13	1990-02-01	35	165.00	40.00	20.00	14.69	\N	200.00	4.00	\N	kantor	100	120	\N
847	3c47db28-db32-561a-8b13-c42acf133973	2025-10-13	1990-03-01	35	165.00	40.00	20.00	14.69	\N	200.00	4.00	\N	kantor	100	120	\N
848	9f3a9350-340f-5c5b-9c8c-6920485d948b	2025-10-13	1990-04-01	35	165.00	40.00	20.00	14.69	\N	200.00	4.00	\N	kantor	100	120	\N
849	138791a8-8e61-5a9e-ac21-811f5c34e56b	2025-10-13	1990-05-01	35	165.00	40.00	20.00	14.69	\N	200.00	4.00	\N	kantor	100	120	\N
850	65442a4d-97ff-56c6-ac64-f4e9bcfa1b0b	2025-10-13	1990-06-01	35	165.00	40.00	20.00	14.69	\N	200.00	4.00	\N	kantor	100	120	\N
851	99c2e32b-16a4-5575-abcc-cf15459eb211	2025-10-13	1990-07-01	35	165.00	55.00	50.00	20.20	\N	200.00	4.00	\N	kantor	100	120	\N
852	0ad6a2c2-9542-5ef5-8428-4b573759c7e0	2025-10-13	1990-08-01	35	165.00	55.00	50.00	20.20	\N	200.00	5.00	\N	kantor	100	120	\N
853	672921e3-8e6e-5eb2-b362-9a0c784f5efb	2025-10-13	1990-09-01	35	165.00	55.00	50.00	20.20	\N	200.00	5.00	\N	kantor	100	120	\N
854	b5a2bfdd-64fc-5402-a675-f59778676ff6	2025-10-13	1990-10-01	35	165.00	55.00	50.00	20.20	\N	200.00	5.00	\N	kantor	100	120	\N
855	29854d66-b7f2-5b51-965f-99e69e166c2b	2025-10-13	1990-11-01	35	165.00	55.00	50.00	20.20	\N	200.00	5.00	\N	kantor	100	120	\N
856	d645fb24-1ba8-5d6f-af04-00be12e0bcd7	2025-10-13	1990-12-01	35	165.00	55.00	50.00	20.20	\N	200.00	5.00	\N	kantor	100	120	\N
857	3efc3711-9f7c-5518-883e-b4824a1351a3	2025-10-13	1990-01-13	35	165.00	55.00	50.00	20.20	\N	200.00	5.00	\N	kantor	100	120	\N
858	97cf6ac1-70bb-58a1-897e-72039cb8c862	2025-10-13	1990-01-14	35	165.00	55.00	50.00	20.20	\N	200.00	5.00	\N	kantor	100	120	\N
859	26b69332-b82e-527a-922f-4bc14c7f323d	2025-10-13	1990-01-15	35	165.00	55.00	50.00	20.20	\N	200.00	5.00	\N	kantor	100	120	\N
860	88a84674-0a3a-55d0-b9ec-6d4dff137668	2025-10-13	1990-01-16	35	165.00	55.00	50.00	20.20	\N	200.00	5.00	\N	kantor	100	120	\N
861	af1e737e-6423-5f3c-a5df-f790634485a0	2025-10-13	1990-01-17	35	165.00	55.00	50.00	20.20	\N	200.00	5.00	\N	kantor	100	120	\N
862	f7d2aff0-d504-5594-b389-9c0443454b66	2025-10-13	1990-01-18	35	165.00	55.00	50.00	20.20	\N	200.00	5.00	\N	kantor	100	120	\N
863	03cad541-34fd-51e9-97e0-2dc836746376	2025-10-13	1990-01-19	35	165.00	55.00	50.00	20.20	\N	200.00	5.00	\N	kantor	100	120	\N
864	edefa223-95c4-5438-b9d4-9b9ca04a96ad	2025-10-13	1990-01-20	35	165.00	55.00	50.00	20.20	\N	200.00	5.00	\N	kantor	100	120	\N
865	cb7dd507-827b-591a-b98f-57869bc07576	2025-10-13	1990-01-21	35	165.00	55.00	50.00	20.20	\N	200.00	5.00	\N	kantor	100	120	\N
866	d1d82750-24ed-5a8e-a8fb-aa690c0cf6fd	2025-10-13	1990-01-22	35	165.00	55.00	50.00	20.20	\N	200.00	5.00	\N	kantor	100	120	\N
867	9ee83f45-557c-578c-a7cf-1276c93b836d	2025-10-13	1990-01-23	35	165.00	55.00	50.00	20.20	\N	200.00	5.00	\N	kantor	100	120	\N
868	87fca5c9-4e93-5c22-b256-2775bef466c9	2025-10-13	1990-01-24	35	165.00	55.00	50.00	20.20	\N	200.00	5.00	\N	kantor	100	120	\N
869	3d8bd2e6-3a7a-5156-a13a-fabf792b44e1	2025-10-13	1990-01-25	35	165.00	55.00	50.00	20.20	\N	200.00	5.00	\N	kantor	100	120	\N
870	e9714cb5-9446-598d-82f9-ff44049aca8f	2025-10-13	1990-01-26	35	165.00	80.00	60.00	29.38	\N	200.00	5.00	\N	kantor	100	120	\N
871	a0baf240-f478-50eb-85b7-d592c2eadaec	2025-10-13	1990-01-27	35	165.00	80.00	60.00	29.38	\N	200.00	5.00	\N	kantor	100	120	\N
872	7f020caf-2ea2-5691-9507-c4c31e65e469	2025-10-13	1990-01-28	35	165.00	80.00	60.00	29.38	\N	200.00	5.00	\N	kantor	100	120	\N
873	6cdd2209-80a2-5db4-873a-eede88159856	2025-10-13	1990-01-29	35	165.00	80.00	60.00	29.38	\N	200.00	5.00	\N	kantor	100	120	\N
874	e20dec29-0e86-5b36-9dd7-32bfd337424b	2025-10-13	1990-01-30	35	165.00	80.00	60.00	29.38	\N	200.00	5.00	\N	kantor	100	120	\N
875	49d18701-50cb-5d0a-9798-defaed5c7af0	2025-10-13	1990-01-31	35	165.00	80.00	60.00	29.38	\N	200.00	5.00	\N	rig ab-100	100	120	\N
876	2a78da17-f32d-50e0-a443-a18006b8095f	2025-10-13	1990-01-02	35	165.00	80.00	60.00	29.38	\N	200.00	5.00	\N	rig ab-100	100	200	\N
877	916c5510-7669-5ced-8468-8d4425340690	2025-10-13	1990-02-02	35	165.00	80.00	60.00	29.38	\N	200.00	5.00	\N	rig ab-100	100	200	\N
878	cc228022-a266-5478-806b-4ae7e9e74bfd	2025-10-13	1990-03-02	35	165.00	80.00	60.00	29.38	\N	200.00	5.00	\N	rig ab-100	100	200	\N
879	bb722d9b-4a7a-5a9e-9f86-e52dc4cfbed6	2025-10-13	1990-04-02	35	165.00	80.00	60.00	29.38	\N	200.00	5.00	\N	rig ab-100	100	200	\N
880	cdaec203-74ac-5b3d-b747-c20bfbfd6a7e	2025-10-13	1990-05-02	35	165.00	80.00	60.00	29.38	\N	200.00	5.00	\N	rig ab-100	100	200	\N
881	b7cf95b2-5e01-5c27-9834-9df99157f833	2025-10-13	1990-06-02	35	165.00	80.00	60.00	29.38	\N	200.00	5.00	\N	rig ab-100	100	200	\N
882	6df9ebdb-8a65-58cc-91f4-067a1b40fda4	2025-10-13	1990-07-02	35	165.00	80.00	60.00	29.38	\N	200.00	5.00	\N	rig ab-100	100	200	\N
883	0e1c7bf3-bb05-5f31-a403-7f0b1c791077	2025-10-13	1990-08-02	35	165.00	80.00	60.00	29.38	\N	200.00	5.00	\N	rig ab-100	100	200	\N
884	895eeae6-aa24-5575-a417-3d294f0331c1	2025-10-13	1990-09-02	35	165.00	80.00	60.00	29.38	\N	200.00	5.00	\N	rig ab-100	100	200	\N
885	0cf5e89b-f6c3-51e9-8035-4d056d8260fe	2025-10-13	1990-10-02	35	165.00	80.00	60.00	29.38	\N	200.00	5.00	\N	rig ab-100	100	200	\N
886	2daaac19-d742-5fea-99b5-cb55250bc47b	2025-10-13	1990-11-02	35	165.00	80.00	60.00	29.38	\N	200.00	5.00	\N	rig ab-100	100	200	\N
887	273db5ec-171c-5e49-8d6f-d1a2fbafff1e	2025-10-13	1990-12-02	35	165.00	80.00	60.00	29.38	\N	200.00	5.00	\N	rig ab-100	100	200	\N
888	30f94859-8831-568a-ab67-7bb04f91131c	2025-10-13	1990-02-13	35	165.00	80.00	60.00	29.38	\N	200.00	5.00	\N	rig ab-100	100	200	\N
889	395a7ee3-25d9-5044-a87b-6f121b8c1eee	2025-10-13	1990-02-14	35	165.00	80.00	60.00	29.38	\N	200.00	5.00	\N	rig ab-100	100	200	\N
890	8316741d-3904-595a-996b-fee1e1eb83d6	2025-10-13	1990-02-15	35	165.00	80.00	60.00	29.38	\N	200.00	5.00	\N	rig ab-100	100	200	\N
891	bbeb0e81-5ad6-55bc-9dae-af5a035f02f1	2025-10-13	1990-02-16	35	165.00	80.00	60.00	29.38	\N	200.00	5.00	\N	rig ab-100	100	200	\N
892	34aa57f7-d2d8-5696-912f-672462dd9727	2025-10-13	1990-02-17	35	165.00	80.00	60.00	29.38	\N	200.00	5.00	\N	rig ab-100	100	200	\N
893	63970760-4f66-5135-bcf8-16496d60f1fa	2025-10-13	1990-02-18	35	165.00	80.00	60.00	29.38	\N	200.00	5.00	\N	rig ab-100	100	200	\N
894	41fab784-b733-50ec-a485-45cf4607257b	2025-10-13	1990-02-19	35	165.00	80.00	60.00	29.38	\N	200.00	5.00	\N	rig ab-100	100	200	\N
895	532ce9c1-2688-55ec-8d06-1fcc9ef7d000	2025-10-13	1990-02-20	35	165.00	80.00	60.00	29.38	\N	200.00	5.00	\N	rig ab-100	100	200	\N
896	b9caf11c-7d3e-59af-bd43-159c39379e53	2025-10-13	1990-02-21	35	165.00	80.00	60.00	29.38	\N	200.00	5.00	\N	rig ab-100	100	200	\N
897	d267537a-edac-5766-a80a-8d81fe08424c	2025-10-13	1990-02-22	35	165.00	80.00	60.00	29.38	\N	200.00	5.00	\N	rig ab-100	100	200	\N
898	c3effe30-caad-5a02-95a4-f441f2a4eb59	2025-10-13	1990-02-23	35	165.00	80.00	60.00	29.38	\N	200.00	5.00	\N	rig ab-100	100	200	\N
899	9c09632d-0cce-528a-a3d5-170a16b5f0ab	2025-10-13	1990-02-24	35	165.00	80.00	60.00	29.38	\N	200.00	5.00	\N	rig ab-100	100	200	\N
900	475e4654-85b5-5cf4-9641-39308d388f82	2025-10-13	1990-02-25	35	165.00	80.00	60.00	29.38	\N	200.00	5.00	\N	rig ab-100	100	200	\N
901	3291b47f-18dc-50dc-b68b-8a32b35118d7	2025-10-13	1990-02-26	35	165.00	80.00	60.00	29.38	\N	200.00	5.00	\N	rig ab-100	100	200	\N
902	17b16d97-ec40-5a29-999d-65efb3a3062a	2025-10-13	1990-02-27	35	165.00	80.00	60.00	29.38	\N	200.00	5.00	\N	rig ab-100	100	200	\N
903	b8315a0b-ee03-52d8-bc38-18c7649c6447	2025-10-13	1990-02-28	35	165.00	80.00	60.00	29.38	\N	200.00	5.00	\N	rig lto-150	100	200	\N
904	078441da-f301-5f5d-9ce8-15e0e769000c	2025-10-13	1990-01-03	35	165.00	80.00	60.00	29.38	\N	200.00	5.00	\N	rig lto-150	100	200	\N
905	edcb1eed-6482-5383-9475-46d980b36769	2025-10-13	1990-02-03	35	165.00	80.00	60.00	29.38	\N	200.00	5.00	\N	rig lto-150	100	200	\N
906	14653334-c724-5617-80f5-0d54f31bcc2a	2025-10-13	1990-03-03	35	165.00	80.00	60.00	29.38	\N	200.00	5.00	\N	rig lto-150	100	200	\N
907	d436d7f6-8520-50c9-b5ac-9cb6792ffd6a	2025-10-13	1990-04-03	35	165.00	80.00	60.00	29.38	\N	200.00	5.00	\N	rig lto-150	100	200	\N
908	dcb42af1-5350-5c62-847f-8848e05df6c5	2025-10-13	1990-05-03	35	165.00	80.00	60.00	29.38	\N	200.00	5.00	\N	rig lto-150	100	200	\N
909	a5ab5ae4-5da1-5038-a6c3-b8eee43c599a	2025-10-13	1990-06-03	35	165.00	80.00	60.00	29.38	\N	200.00	5.00	\N	rig lto-150	100	200	\N
910	593eaa61-2544-59b9-891d-1f447f0fb012	2025-10-13	1990-07-03	35	165.00	80.00	60.00	29.38	\N	200.00	5.00	\N	rig lto-150	100	200	\N
911	5b55ab84-997e-56d2-b7e4-d882ce781044	2025-10-13	1990-08-03	35	165.00	80.00	60.00	29.38	\N	200.00	5.00	\N	rig lto-150	100	200	\N
912	60a86b31-23bc-5ea1-ac82-6b24c7706ad4	2025-10-13	1990-09-03	35	165.00	80.00	60.00	29.38	\N	200.00	5.00	\N	rig lto-150	100	200	\N
913	0765e2d8-a44b-5610-832e-0fd93761142d	2025-10-13	1990-10-03	35	165.00	80.00	60.00	29.38	\N	200.00	5.00	\N	rig lto-150	100	200	\N
914	b0cd79b7-bd8e-59c8-96fb-60c0977bf144	2025-10-13	1990-11-03	35	165.00	80.00	60.00	29.38	\N	200.00	5.00	\N	rig lto-150	100	200	\N
915	5163b615-c97c-52e6-8202-d8daec70a2ea	2025-10-13	1990-12-03	35	165.00	80.00	60.00	29.38	\N	200.00	5.00	\N	rig lto-150	100	200	\N
916	eaf4ed58-5198-5d24-9e03-59e69b8cfae3	2025-10-13	1990-03-13	35	165.00	80.00	60.00	29.38	\N	200.00	5.00	\N	rig lto-150	100	200	\N
917	ad375b97-740e-5356-abfa-c61752300d3e	2025-10-13	1990-03-14	35	165.00	80.00	60.00	29.38	\N	200.00	5.00	\N	rig lto-150	100	200	\N
918	82222ee5-84a6-5443-8d0d-45564e7838b4	2025-10-13	1990-03-15	35	165.00	80.00	60.00	29.38	\N	200.00	5.00	\N	rig lto-150	100	200	\N
919	1e11e8f7-9faf-524d-8d79-a3712544810b	2025-10-13	1990-03-16	35	165.00	80.00	60.00	29.38	\N	200.00	5.00	\N	rig lto-150	100	200	\N
920	fd118bba-e21a-5e4a-bea9-c5b4b757d9ed	2025-10-13	1990-03-17	35	165.00	80.00	60.00	29.38	\N	200.00	5.00	\N	rig lto-150	100	200	\N
921	e64cab58-0310-560b-8db3-40836c57bb9c	2025-10-13	1990-03-18	35	165.00	80.00	60.00	29.38	\N	200.00	5.00	\N	rig lto-150	100	200	\N
922	0a899ae2-e765-5b93-bd78-fc72e0c11f5b	2025-10-13	1990-03-19	35	165.00	80.00	60.00	29.38	\N	200.00	5.00	\N	rig lto-150	100	200	\N
923	7102a72f-95d2-5817-a4ec-6de85099fc8d	2025-10-13	1990-03-20	35	165.00	80.00	60.00	29.38	\N	200.00	5.00	\N	rig lto-150	100	200	\N
924	ccd5d6a1-b6cc-594d-aa0c-a60796e937bc	2025-10-13	1990-03-21	35	165.00	80.00	60.00	29.38	\N	200.00	5.00	\N	rig lto-150	100	200	\N
925	88b3070e-43fa-5e01-9e23-278c59e40549	2025-10-13	1990-03-22	35	165.00	80.00	60.00	29.38	\N	200.00	5.00	\N	rig lto-150	100	200	\N
926	148c1759-5d95-5e9b-bf04-853e6b56051d	2025-10-13	1990-03-23	35	165.00	80.00	60.00	29.38	\N	200.00	5.00	\N	rig lto-150	100	200	\N
927	8c4765ae-2753-59c0-ae44-1fd2b1466896	2025-10-13	1990-03-24	35	165.00	80.00	60.00	29.38	\N	200.00	5.00	\N	rig lto-150	100	200	\N
928	ae3fc4ad-e9d1-517d-a4fc-3a5fdab772ed	2025-10-13	1990-03-25	35	165.00	80.00	60.00	29.38	\N	200.00	5.00	\N	rig taylor c-200	100	200	\N
929	548a26b2-3cbc-5c45-b5b4-d900c043d8cf	2025-10-13	1990-03-26	35	165.00	80.00	60.00	29.38	\N	200.00	5.00	\N	rig taylor c-200	100	200	\N
930	2445dd00-c5a8-55fc-a504-a8e82410fd3c	2025-10-13	1990-03-27	35	165.00	80.00	60.00	29.38	\N	200.00	5.00	\N	rig taylor c-200	100	300	\N
931	192b3461-12a9-5941-8fc3-bef6f410a062	2025-10-13	1990-03-28	35	165.00	80.00	60.00	29.38	\N	200.00	5.00	\N	rig taylor c-200	100	300	\N
932	bd62a055-8791-5bd4-9273-d29e7bc2d6f9	2025-10-13	1990-03-29	35	165.00	80.00	60.00	29.38	\N	200.00	5.00	\N	rig taylor c-200	100	300	\N
933	fa87878d-b73b-502a-a12a-02243846b24b	2025-10-13	1990-03-30	35	165.00	80.00	60.00	29.38	\N	200.00	5.00	\N	rig taylor c-200	100	300	\N
934	5c77210a-f538-57e6-af5f-a6b44d032c24	2025-10-13	1990-03-31	35	165.00	80.00	60.00	29.38	\N	200.00	5.00	\N	rig taylor c-200	100	300	\N
935	3a0d6be9-23a0-519d-b009-cfaa7158e51e	2025-10-13	1990-01-04	35	165.00	80.00	60.00	29.38	\N	200.00	5.00	\N	rig taylor c-200	100	300	\N
936	5b2c48fc-b816-5002-8914-154565b793f5	2025-10-13	1990-02-04	35	165.00	80.00	60.00	29.38	\N	200.00	5.00	\N	rig taylor c-200	100	300	\N
937	03ad932d-af5d-57f0-a1af-ebd06b650bfe	2025-10-13	1990-03-04	35	165.00	80.00	60.00	29.38	\N	200.00	5.00	\N	rig taylor c-200	100	300	\N
938	726273cc-a039-5baa-9f3a-f6ce3a057329	2025-10-13	1990-04-04	35	165.00	80.00	60.00	29.38	\N	200.00	5.00	\N	rig taylor c-200	100	300	\N
939	0acbf30e-5276-54bd-8206-8ec2f88e906a	2025-10-13	1990-05-04	35	165.00	80.00	60.00	29.38	\N	200.00	5.00	\N	rig taylor c-200	100	300	\N
940	b67005a3-67ee-5984-a96b-11194da732d5	2025-10-13	1990-06-04	35	165.00	80.00	60.00	29.38	\N	200.00	5.00	\N	rig taylor c-200	100	300	\N
941	66b60811-af41-5223-a78c-34b6f957e86d	2025-10-13	1990-07-04	35	165.00	80.00	60.00	29.38	\N	200.00	5.00	\N	rig taylor c-200	100	300	\N
942	cbd4f7ee-4748-5989-a667-5338d360987d	2025-10-13	1990-08-04	35	165.00	80.00	60.00	29.38	\N	200.00	5.00	\N	rig taylor c-200	100	300	\N
943	47e734e0-0d6c-5596-9d76-f27c92680c9d	2025-10-13	1990-09-04	35	165.00	80.00	60.00	29.38	\N	200.00	5.00	\N	rig taylor c-200	100	300	\N
944	6ded6183-1eb4-5cd2-b61b-007c310a028c	2025-10-13	1990-10-04	35	165.00	80.00	60.00	29.38	\N	200.00	5.00	\N	rig taylor c-200	100	300	\N
945	836d4e61-d01c-5229-a617-2c3cd707b375	2025-10-13	1990-11-04	35	165.00	80.00	60.00	29.38	\N	200.00	5.00	\N	rig taylor c-200	100	300	\N
946	58b7cf15-fba1-5cf1-931f-a7bfe9a83a0b	2025-10-13	1990-12-04	35	165.00	80.00	60.00	29.38	\N	200.00	5.00	\N	rig taylor c-200	100	300	\N
947	a403086c-07af-51bb-bbfc-0b0948dacb3d	2025-10-13	1990-04-13	35	165.00	80.00	60.00	29.38	\N	200.00	5.00	\N	rig taylor c-200	100	300	\N
948	7baba3a5-0026-504c-a65a-ff6c2aba6620	2025-10-13	1990-04-14	35	165.00	80.00	60.00	29.38	\N	200.00	5.00	\N	rig taylor c-200	100	300	\N
949	1daa0316-3f1b-519f-af9d-1bc36333832d	2025-10-13	1990-04-15	35	165.00	80.00	60.00	29.38	\N	200.00	5.00	\N	rig taylor c-200	100	300	\N
950	5c426d9e-c76a-548d-9279-bdc2ad02bae4	2025-10-13	1990-04-16	35	165.00	80.00	60.00	29.38	\N	200.00	5.00	\N	rig taylor c-200	100	300	\N
951	00846767-ac17-5c68-9926-2a64f04300eb	2025-10-13	1990-04-17	35	165.00	80.00	60.00	29.38	\N	200.00	5.00	\N	rig taylor c-200	100	300	\N
952	05bef456-1a6f-581b-afd6-cc217e7b0976	2025-10-13	1990-04-18	35	165.00	80.00	60.00	29.38	\N	200.00	5.00	\N	rig taylor c-200	100	300	\N
953	d39d6c55-9e8a-522f-94e7-f9d248650b57	2025-10-13	1990-04-19	35	165.00	80.00	60.00	29.38	\N	200.00	5.00	\N	rig taylor c-200	100	300	\N
954	55d5d1f1-c4ff-5229-9288-60f5651b9b2d	2025-10-13	1990-04-20	35	165.00	80.00	60.00	29.38	\N	200.00	5.00	\N	rig taylor c-200	100	300	\N
955	0b9330e8-a67b-5a08-bea4-bf13c6a4f534	2025-10-13	1990-04-21	35	165.00	80.00	60.00	29.38	\N	200.00	5.00	\N	rig taylor c-200	100	300	\N
956	47f69008-d64f-51d9-9520-7b30a3984fd4	2025-10-13	1990-04-22	35	165.00	80.00	60.00	29.38	\N	200.00	5.00	\N	rig taylor c-200	100	300	\N
957	0be7ff79-03ff-5c8a-83b1-81dde43b5816	2025-10-13	1990-04-23	35	165.00	80.00	60.00	29.38	\N	200.00	5.00	\N	rig toolshop	100	300	\N
958	b341e7ae-9a3c-5dda-ae41-c51eecfdae7c	2025-10-13	1990-04-24	35	165.00	80.00	60.00	29.38	\N	200.00	5.00	\N	rig toolshop	100	300	\N
959	43c72f13-b4cb-5170-849b-0b373159e552	2025-10-13	1990-04-25	35	165.00	80.00	60.00	29.38	\N	200.00	5.00	\N	rig toolshop	100	300	\N
960	36755ec6-5085-548a-b34f-356b08950e14	2025-10-13	1990-04-26	35	165.00	80.00	60.00	29.38	\N	200.00	5.00	\N	rig toolshop	100	300	\N
961	2781a1b7-1e6b-5d3d-80e0-b1d60692f446	2025-10-13	1990-04-27	35	165.00	80.00	60.00	29.38	\N	200.00	5.00	\N	rig toolshop	100	300	\N
962	8944794e-46e7-511d-be12-7ed51edb2444	2025-10-13	1990-04-28	35	165.00	80.00	60.00	29.38	\N	200.00	5.00	\N	rig toolshop	100	300	\N
963	4bf70d1c-51fa-5e0d-8c18-85d8e797b737	2025-10-13	1990-04-29	35	165.00	80.00	60.00	29.38	\N	200.00	5.00	\N	rig toolshop	100	300	\N
964	4c170079-ab54-5291-80b6-98735f1507ec	2025-10-13	1990-04-30	35	165.00	90.00	70.00	33.06	\N	200.00	5.00	\N	rig toolshop	100	300	\N
965	4d5d85f5-e674-5cb8-8530-06a3d0ac890f	2025-10-13	1990-01-05	35	165.00	90.00	70.00	33.06	\N	200.00	5.00	\N	rig toolshop	100	300	\N
966	e6d43e74-f29f-56af-88d0-8b8026c1dbf0	2025-10-13	1990-02-05	35	165.00	90.00	70.00	33.06	\N	200.00	5.00	\N	rig hwu ehr#10	100	300	\N
967	644fcd4d-cbcb-5a80-a575-226c20e27569	2025-10-13	1990-03-05	35	165.00	90.00	70.00	33.06	\N	200.00	5.00	\N	rig hwu ehr#10	100	300	\N
968	9b4394e3-3e59-577f-b961-9cd80f8875b5	2025-10-13	1990-04-05	35	165.00	90.00	70.00	33.06	\N	200.00	5.00	\N	rig hwu ehr#10	100	300	\N
969	e527b5ae-d9c3-587e-a494-709eee7f5138	2025-10-13	1990-05-05	35	165.00	90.00	70.00	33.06	\N	200.00	5.00	\N	rig hwu ehr#10	100	300	\N
970	dc495311-7ba8-5c3e-be2b-47e53c1c3b2d	2025-10-13	1990-06-05	35	165.00	90.00	70.00	33.06	\N	200.00	5.00	\N	rig hwu ehr#10	100	300	\N
971	85de4f4c-3b26-58ba-9de7-e8c795a40104	2025-10-13	1990-07-05	35	165.00	90.00	70.00	33.06	\N	200.00	5.00	\N	rig hwu ehr#10	100	300	\N
972	134169b0-fdfb-5807-a446-ff4384d56323	2025-10-13	1990-08-05	35	165.00	90.00	70.00	33.06	\N	200.00	5.00	\N	rig hwu ehr#10	100	300	\N
973	edbc2079-8a7d-56f4-8f7b-ef654e06c372	2025-10-13	1990-09-05	35	165.00	90.00	70.00	33.06	\N	200.00	7.00	\N	rig hwu ehr#10	100	300	\N
974	ff517b16-1b3f-5c69-a3f8-e9478cf3204e	2025-10-13	1990-10-05	35	165.00	90.00	70.00	33.06	\N	200.00	7.00	\N	rig hwu ehr#10	100	300	\N
975	5cd9f484-1b9d-5a56-9787-c12f8d726abb	2025-10-13	1990-11-05	35	165.00	90.00	70.00	33.06	\N	200.00	7.00	\N	rig hwu ehr#10	100	300	\N
976	8dd0a88e-7a4d-578a-941c-fd99ce6b2f18	2025-10-13	1990-12-05	35	165.00	90.00	70.00	33.06	\N	200.00	7.00	\N	rig hwu ehr#10	100	300	\N
977	a1391364-924b-57ad-a2e2-d624a460cfb9	2025-10-13	1990-05-13	35	165.00	90.00	70.00	33.06	\N	200.00	7.00	\N	rig hwu ehr#10	100	300	\N
978	d647b5d1-7c5f-53a0-ba7e-0706ecd977bf	2025-10-13	1990-05-14	35	165.00	90.00	70.00	33.06	\N	200.00	7.00	\N	rig hwu ehr#10	100	300	\N
979	1f1d41c1-0fac-53f6-b994-b1afe4668c16	2025-10-13	1990-05-15	35	165.00	90.00	70.00	33.06	\N	200.00	7.00	\N	rig hwu ehr#10	100	300	\N
980	b2c4cb0f-053b-5a84-af05-274e814f4a35	2025-10-13	1990-05-16	35	165.00	90.00	70.00	33.06	\N	200.00	7.00	\N	rig hwu ehr#10	100	300	\N
981	89728c6d-a391-5922-87e0-76e5b5696c26	2025-10-13	1990-05-17	35	165.00	90.00	70.00	33.06	\N	200.00	7.00	\N	rig hwu ehr#10	100	300	\N
982	e43237e0-4f3d-575d-b2de-c8c773f82e20	2025-10-13	1990-05-18	35	165.00	90.00	70.00	33.06	\N	200.00	7.00	\N	rig hwu ehr#10	100	300	\N
983	03604173-2450-5209-a92b-62b5899859fb	2025-10-13	1990-05-19	35	165.00	90.00	70.00	33.06	\N	250.00	7.00	\N	rig hwu ehr#10	100	300	\N
984	1d527042-e0da-5779-b915-18d2fbca479c	2025-10-13	1990-05-20	35	165.00	90.00	70.00	33.06	\N	250.00	7.00	\N	rig hwu ehr#10	100	300	\N
985	ef6d061c-0f0b-5f0e-ad57-ac3667ed7623	2025-10-13	1990-01-01	35	165.00	40.00	20.00	14.69	\N	200.00	4.00	\N	kantor	100	120	\N
986	faef548a-fcf5-562d-a24a-68827b350fa6	2025-10-13	1990-02-01	35	165.00	40.00	20.00	14.69	\N	200.00	4.00	\N	kantor	100	120	\N
987	3c47db28-db32-561a-8b13-c42acf133973	2025-10-13	1990-03-01	35	165.00	40.00	20.00	14.69	\N	200.00	4.00	\N	kantor	100	120	\N
988	9f3a9350-340f-5c5b-9c8c-6920485d948b	2025-10-13	1990-04-01	35	165.00	40.00	20.00	14.69	\N	200.00	4.00	\N	kantor	100	120	\N
989	138791a8-8e61-5a9e-ac21-811f5c34e56b	2025-10-13	1990-05-01	35	165.00	40.00	20.00	14.69	\N	200.00	4.00	\N	kantor	100	120	\N
990	65442a4d-97ff-56c6-ac64-f4e9bcfa1b0b	2025-10-13	1990-06-01	35	165.00	40.00	20.00	14.69	\N	200.00	4.00	\N	kantor	100	120	\N
991	99c2e32b-16a4-5575-abcc-cf15459eb211	2025-10-13	1990-07-01	35	165.00	55.00	50.00	20.20	\N	200.00	4.00	\N	kantor	100	120	\N
992	0ad6a2c2-9542-5ef5-8428-4b573759c7e0	2025-10-13	1990-08-01	35	165.00	55.00	50.00	20.20	\N	200.00	4.00	\N	kantor	100	120	\N
993	672921e3-8e6e-5eb2-b362-9a0c784f5efb	2025-10-13	1990-09-01	35	165.00	55.00	50.00	20.20	\N	200.00	4.00	\N	kantor	100	120	\N
994	b5a2bfdd-64fc-5402-a675-f59778676ff6	2025-10-13	1990-10-01	35	165.00	55.00	50.00	20.20	\N	200.00	4.00	\N	kantor	100	120	\N
995	29854d66-b7f2-5b51-965f-99e69e166c2b	2025-10-13	1990-11-01	35	165.00	55.00	50.00	20.20	\N	200.00	4.00	\N	kantor	100	120	\N
996	d645fb24-1ba8-5d6f-af04-00be12e0bcd7	2025-10-13	1990-12-01	35	165.00	55.00	50.00	20.20	\N	200.00	4.00	\N	kantor	100	120	\N
997	3efc3711-9f7c-5518-883e-b4824a1351a3	2025-10-13	1990-01-13	35	165.00	55.00	50.00	20.20	\N	200.00	4.00	\N	kantor	100	120	\N
998	97cf6ac1-70bb-58a1-897e-72039cb8c862	2025-10-13	1990-01-14	35	165.00	55.00	50.00	20.20	\N	200.00	4.00	\N	kantor	100	120	\N
999	26b69332-b82e-527a-922f-4bc14c7f323d	2025-10-13	1990-01-15	35	165.00	55.00	50.00	20.20	\N	200.00	4.00	\N	kantor	100	120	\N
1000	88a84674-0a3a-55d0-b9ec-6d4dff137668	2025-10-13	1990-01-16	35	165.00	55.00	50.00	20.20	\N	200.00	4.00	\N	kantor	100	120	\N
1001	af1e737e-6423-5f3c-a5df-f790634485a0	2025-10-13	1990-01-17	35	165.00	55.00	50.00	20.20	\N	200.00	4.00	\N	kantor	100	120	\N
1002	f7d2aff0-d504-5594-b389-9c0443454b66	2025-10-13	1990-01-18	35	165.00	55.00	50.00	20.20	\N	200.00	4.00	\N	kantor	100	120	\N
1003	03cad541-34fd-51e9-97e0-2dc836746376	2025-10-13	1990-01-19	35	165.00	55.00	50.00	20.20	\N	200.00	4.00	\N	kantor	100	120	\N
1004	edefa223-95c4-5438-b9d4-9b9ca04a96ad	2025-10-13	1990-01-20	35	165.00	55.00	50.00	20.20	\N	200.00	4.00	\N	kantor	100	120	\N
1005	cb7dd507-827b-591a-b98f-57869bc07576	2025-10-13	1990-01-21	35	165.00	55.00	50.00	20.20	\N	200.00	4.00	\N	kantor	100	120	\N
1006	d1d82750-24ed-5a8e-a8fb-aa690c0cf6fd	2025-10-13	1990-01-22	35	165.00	55.00	50.00	20.20	\N	200.00	4.00	\N	kantor	100	120	\N
1007	9ee83f45-557c-578c-a7cf-1276c93b836d	2025-10-13	1990-01-23	35	165.00	55.00	50.00	20.20	\N	200.00	4.00	\N	kantor	100	120	\N
1008	87fca5c9-4e93-5c22-b256-2775bef466c9	2025-10-13	1990-01-24	35	165.00	55.00	50.00	20.20	\N	200.00	4.00	\N	kantor	100	120	\N
1009	3d8bd2e6-3a7a-5156-a13a-fabf792b44e1	2025-10-13	1990-01-25	35	165.00	55.00	50.00	20.20	\N	200.00	4.00	\N	kantor	100	120	\N
1010	e9714cb5-9446-598d-82f9-ff44049aca8f	2025-10-13	1990-01-26	35	165.00	80.00	60.00	29.38	\N	200.00	4.00	\N	kantor	100	120	\N
1011	a0baf240-f478-50eb-85b7-d592c2eadaec	2025-10-13	1990-01-27	35	165.00	80.00	60.00	29.38	\N	200.00	4.00	\N	kantor	100	120	\N
1012	7f020caf-2ea2-5691-9507-c4c31e65e469	2025-10-13	1990-01-28	35	165.00	80.00	60.00	29.38	\N	200.00	4.00	\N	kantor	100	120	\N
1013	6cdd2209-80a2-5db4-873a-eede88159856	2025-10-13	1990-01-29	35	165.00	80.00	60.00	29.38	\N	200.00	4.00	\N	kantor	100	120	\N
1014	e20dec29-0e86-5b36-9dd7-32bfd337424b	2025-10-13	1990-01-30	35	165.00	80.00	60.00	29.38	\N	200.00	4.00	\N	kantor	100	120	\N
1015	49d18701-50cb-5d0a-9798-defaed5c7af0	2025-12-10	1990-01-31	35	165.00	80.00	60.00	29.38	\N	200.00	4.00	\N	rig ab-100	100	120	\N
1016	2a78da17-f32d-50e0-a443-a18006b8095f	2025-12-10	1990-01-02	35	165.00	80.00	60.00	29.38	\N	200.00	4.00	\N	rig ab-100	100	120	\N
1017	916c5510-7669-5ced-8468-8d4425340690	2025-12-10	1990-02-02	35	165.00	80.00	60.00	29.38	\N	200.00	4.00	\N	rig ab-100	100	120	\N
1018	cc228022-a266-5478-806b-4ae7e9e74bfd	2025-12-10	1990-03-02	35	165.00	80.00	60.00	29.38	\N	200.00	4.00	\N	rig ab-100	100	120	\N
1019	bb722d9b-4a7a-5a9e-9f86-e52dc4cfbed6	2025-12-10	1990-04-02	35	165.00	80.00	60.00	29.38	\N	200.00	4.00	\N	rig ab-100	100	120	\N
1020	cdaec203-74ac-5b3d-b747-c20bfbfd6a7e	2025-12-10	1990-05-02	35	165.00	80.00	60.00	29.38	\N	200.00	4.00	\N	rig ab-100	100	120	\N
1021	b7cf95b2-5e01-5c27-9834-9df99157f833	2025-12-10	1990-06-02	35	165.00	80.00	60.00	29.38	\N	200.00	4.00	\N	rig ab-100	100	120	\N
1022	6df9ebdb-8a65-58cc-91f4-067a1b40fda4	2025-12-10	1990-07-02	35	165.00	80.00	60.00	29.38	\N	200.00	4.00	\N	rig ab-100	100	120	\N
1023	0e1c7bf3-bb05-5f31-a403-7f0b1c791077	2025-12-10	1990-08-02	35	165.00	80.00	60.00	29.38	\N	200.00	4.00	\N	rig ab-100	100	120	\N
1024	895eeae6-aa24-5575-a417-3d294f0331c1	2025-12-10	1990-09-02	35	165.00	80.00	60.00	29.38	\N	200.00	4.00	\N	rig ab-100	100	120	\N
1025	0cf5e89b-f6c3-51e9-8035-4d056d8260fe	2025-12-10	1990-10-02	35	165.00	80.00	60.00	29.38	\N	200.00	4.00	\N	rig ab-100	100	120	\N
1026	2daaac19-d742-5fea-99b5-cb55250bc47b	2025-12-10	1990-11-02	35	165.00	80.00	60.00	29.38	\N	200.00	4.00	\N	rig ab-100	100	120	\N
1027	273db5ec-171c-5e49-8d6f-d1a2fbafff1e	2025-12-10	1990-12-02	35	165.00	80.00	60.00	29.38	\N	200.00	4.00	\N	rig ab-100	100	120	\N
1028	30f94859-8831-568a-ab67-7bb04f91131c	2025-12-10	1990-02-13	35	165.00	80.00	60.00	29.38	\N	200.00	4.00	\N	rig ab-100	100	120	\N
1029	395a7ee3-25d9-5044-a87b-6f121b8c1eee	2025-12-10	1990-02-14	35	165.00	80.00	60.00	29.38	\N	200.00	4.00	\N	rig ab-100	100	120	\N
1030	8316741d-3904-595a-996b-fee1e1eb83d6	2025-12-10	1990-02-15	35	165.00	80.00	60.00	29.38	\N	200.00	4.00	\N	rig ab-100	100	120	\N
1031	bbeb0e81-5ad6-55bc-9dae-af5a035f02f1	2025-12-10	1990-02-16	35	165.00	80.00	60.00	29.38	\N	200.00	4.00	\N	rig ab-100	100	120	\N
1032	34aa57f7-d2d8-5696-912f-672462dd9727	2025-12-10	1990-02-17	35	165.00	80.00	60.00	29.38	\N	200.00	4.00	\N	rig ab-100	100	120	\N
1033	63970760-4f66-5135-bcf8-16496d60f1fa	2025-12-10	1990-02-18	35	165.00	80.00	60.00	29.38	\N	200.00	4.00	\N	rig ab-100	100	120	\N
1034	41fab784-b733-50ec-a485-45cf4607257b	2025-12-10	1990-02-19	35	165.00	80.00	60.00	29.38	\N	200.00	4.00	\N	rig ab-100	100	120	\N
1035	532ce9c1-2688-55ec-8d06-1fcc9ef7d000	2025-12-10	1990-02-20	35	165.00	80.00	60.00	29.38	\N	200.00	4.00	\N	rig ab-100	100	120	\N
1036	b9caf11c-7d3e-59af-bd43-159c39379e53	2025-12-10	1990-02-21	35	165.00	80.00	60.00	29.38	\N	200.00	4.00	\N	rig ab-100	100	120	\N
1037	d267537a-edac-5766-a80a-8d81fe08424c	2025-12-10	1990-02-22	35	165.00	80.00	60.00	29.38	\N	200.00	4.00	\N	rig ab-100	100	120	\N
1038	c3effe30-caad-5a02-95a4-f441f2a4eb59	2025-12-10	1990-02-23	35	165.00	80.00	60.00	29.38	\N	200.00	4.00	\N	rig ab-100	100	120	\N
1039	9c09632d-0cce-528a-a3d5-170a16b5f0ab	2025-12-10	1990-02-24	35	165.00	80.00	60.00	29.38	\N	200.00	4.00	\N	rig ab-100	100	220	\N
1040	475e4654-85b5-5cf4-9641-39308d388f82	2025-12-10	1990-02-25	35	165.00	80.00	60.00	29.38	\N	200.00	4.00	\N	rig ab-100	100	220	\N
1041	3291b47f-18dc-50dc-b68b-8a32b35118d7	2025-12-10	1990-02-26	35	165.00	80.00	60.00	29.38	\N	200.00	4.00	\N	rig ab-100	100	220	\N
1042	17b16d97-ec40-5a29-999d-65efb3a3062a	2025-12-10	1990-02-27	35	165.00	80.00	60.00	29.38	\N	200.00	4.00	\N	rig ab-100	100	300	\N
1043	b8315a0b-ee03-52d8-bc38-18c7649c6447	2025-12-10	1990-02-28	35	165.00	80.00	60.00	29.38	\N	200.00	4.00	\N	rig lto-150	100	300	\N
1044	078441da-f301-5f5d-9ce8-15e0e769000c	2025-12-10	1990-01-03	35	165.00	80.00	60.00	29.38	\N	200.00	4.00	\N	rig lto-150	100	300	\N
1045	edcb1eed-6482-5383-9475-46d980b36769	2025-12-10	1990-02-03	35	165.00	80.00	60.00	29.38	\N	200.00	4.00	\N	rig lto-150	100	300	\N
1046	14653334-c724-5617-80f5-0d54f31bcc2a	2025-12-10	1990-03-03	35	165.00	80.00	60.00	29.38	\N	200.00	4.00	\N	rig lto-150	100	300	\N
1047	d436d7f6-8520-50c9-b5ac-9cb6792ffd6a	2025-12-10	1990-04-03	35	165.00	80.00	60.00	29.38	\N	200.00	4.00	\N	rig lto-150	100	300	\N
1048	dcb42af1-5350-5c62-847f-8848e05df6c5	2025-12-10	1990-05-03	35	165.00	80.00	60.00	29.38	\N	200.00	4.00	\N	rig lto-150	100	300	\N
1049	a5ab5ae4-5da1-5038-a6c3-b8eee43c599a	2025-12-10	1990-06-03	35	165.00	80.00	60.00	29.38	\N	200.00	4.00	\N	rig lto-150	100	300	\N
1050	593eaa61-2544-59b9-891d-1f447f0fb012	2025-12-10	1990-07-03	35	165.00	80.00	60.00	29.38	\N	200.00	4.00	\N	rig lto-150	100	300	\N
1051	5b55ab84-997e-56d2-b7e4-d882ce781044	2025-12-10	1990-08-03	35	165.00	80.00	60.00	29.38	\N	200.00	4.00	\N	rig lto-150	100	300	\N
1052	60a86b31-23bc-5ea1-ac82-6b24c7706ad4	2025-12-10	1990-09-03	35	165.00	80.00	60.00	29.38	\N	200.00	4.00	\N	rig lto-150	100	300	\N
1053	0765e2d8-a44b-5610-832e-0fd93761142d	2025-12-10	1990-10-03	35	165.00	80.00	60.00	29.38	\N	200.00	4.00	\N	rig lto-150	100	300	\N
1054	b0cd79b7-bd8e-59c8-96fb-60c0977bf144	2025-12-10	1990-11-03	35	165.00	80.00	60.00	29.38	\N	200.00	4.00	\N	rig lto-150	100	300	\N
1055	5163b615-c97c-52e6-8202-d8daec70a2ea	2025-12-10	1990-12-03	35	165.00	80.00	60.00	29.38	\N	200.00	4.00	\N	rig lto-150	100	300	\N
1056	eaf4ed58-5198-5d24-9e03-59e69b8cfae3	2025-12-10	1990-03-13	35	165.00	80.00	60.00	29.38	\N	200.00	4.00	\N	rig lto-150	100	300	\N
1057	ad375b97-740e-5356-abfa-c61752300d3e	2025-12-10	1990-03-14	35	165.00	80.00	60.00	29.38	\N	200.00	4.00	\N	rig lto-150	100	300	\N
1058	82222ee5-84a6-5443-8d0d-45564e7838b4	2025-12-10	1990-03-15	35	165.00	80.00	60.00	29.38	\N	200.00	4.00	\N	rig lto-150	100	300	\N
1059	1e11e8f7-9faf-524d-8d79-a3712544810b	2025-12-10	1990-03-16	35	165.00	80.00	60.00	29.38	\N	200.00	4.00	\N	rig lto-150	100	300	\N
1060	fd118bba-e21a-5e4a-bea9-c5b4b757d9ed	2025-12-10	1990-03-17	35	165.00	80.00	60.00	29.38	\N	200.00	4.00	\N	rig lto-150	100	300	\N
1061	e64cab58-0310-560b-8db3-40836c57bb9c	2025-12-10	1990-03-18	35	165.00	80.00	60.00	29.38	\N	200.00	4.00	\N	rig lto-150	100	300	\N
1062	0a899ae2-e765-5b93-bd78-fc72e0c11f5b	2025-12-10	1990-03-19	35	165.00	80.00	60.00	29.38	\N	200.00	4.00	\N	rig lto-150	100	300	\N
1063	7102a72f-95d2-5817-a4ec-6de85099fc8d	2025-12-10	1990-03-20	35	165.00	80.00	60.00	29.38	\N	200.00	4.00	\N	rig lto-150	100	300	\N
1064	ccd5d6a1-b6cc-594d-aa0c-a60796e937bc	2025-12-10	1990-03-21	35	165.00	80.00	60.00	29.38	\N	200.00	4.00	\N	rig lto-150	100	300	\N
1065	88b3070e-43fa-5e01-9e23-278c59e40549	2025-12-10	1990-03-22	35	165.00	80.00	60.00	29.38	\N	200.00	4.00	\N	rig lto-150	100	300	\N
1066	148c1759-5d95-5e9b-bf04-853e6b56051d	2025-12-10	1990-03-23	35	165.00	80.00	60.00	29.38	\N	200.00	4.00	\N	rig lto-150	100	300	\N
1067	8c4765ae-2753-59c0-ae44-1fd2b1466896	2025-12-10	1990-03-24	35	165.00	80.00	60.00	29.38	\N	200.00	4.00	\N	rig lto-150	100	300	\N
1068	ae3fc4ad-e9d1-517d-a4fc-3a5fdab772ed	2025-12-10	1990-03-25	35	165.00	80.00	60.00	29.38	\N	200.00	4.00	\N	rig taylor c-200	100	300	\N
1069	548a26b2-3cbc-5c45-b5b4-d900c043d8cf	2025-12-10	1990-03-26	35	165.00	80.00	60.00	29.38	\N	200.00	4.00	\N	rig taylor c-200	100	300	\N
1070	2445dd00-c5a8-55fc-a504-a8e82410fd3c	2025-12-10	1990-03-27	35	165.00	80.00	60.00	29.38	\N	200.00	4.00	\N	rig taylor c-200	100	300	\N
1071	192b3461-12a9-5941-8fc3-bef6f410a062	2025-12-10	1990-03-28	35	165.00	80.00	60.00	29.38	\N	200.00	4.00	\N	rig taylor c-200	100	300	\N
1072	bd62a055-8791-5bd4-9273-d29e7bc2d6f9	2025-12-10	1990-03-29	35	165.00	80.00	60.00	29.38	\N	200.00	4.00	\N	rig taylor c-200	100	300	\N
1073	fa87878d-b73b-502a-a12a-02243846b24b	2025-12-10	1990-03-30	35	165.00	80.00	60.00	29.38	\N	200.00	4.00	\N	rig taylor c-200	100	300	\N
1074	5c77210a-f538-57e6-af5f-a6b44d032c24	2025-12-10	1990-03-31	35	165.00	80.00	60.00	29.38	\N	200.00	4.00	\N	rig taylor c-200	100	300	\N
1075	3a0d6be9-23a0-519d-b009-cfaa7158e51e	2025-12-10	1990-01-04	35	165.00	80.00	60.00	29.38	\N	200.00	4.00	\N	rig taylor c-200	100	300	\N
1076	5b2c48fc-b816-5002-8914-154565b793f5	2025-12-10	1990-02-04	35	165.00	80.00	60.00	29.38	\N	200.00	4.00	\N	rig taylor c-200	100	300	\N
1077	03ad932d-af5d-57f0-a1af-ebd06b650bfe	2025-12-10	1990-03-04	35	165.00	80.00	60.00	29.38	\N	200.00	4.00	\N	rig taylor c-200	100	300	\N
1078	726273cc-a039-5baa-9f3a-f6ce3a057329	2025-12-10	1990-04-04	35	165.00	80.00	60.00	29.38	\N	200.00	4.00	\N	rig taylor c-200	100	300	\N
1079	0acbf30e-5276-54bd-8206-8ec2f88e906a	2025-12-10	1990-05-04	35	165.00	80.00	60.00	29.38	\N	200.00	4.00	\N	rig taylor c-200	100	300	\N
1080	b67005a3-67ee-5984-a96b-11194da732d5	2025-12-10	1990-06-04	35	165.00	80.00	60.00	29.38	\N	200.00	4.00	\N	rig taylor c-200	100	300	\N
1081	66b60811-af41-5223-a78c-34b6f957e86d	2025-12-10	1990-07-04	35	165.00	80.00	60.00	29.38	\N	200.00	4.00	\N	rig taylor c-200	100	300	\N
1082	cbd4f7ee-4748-5989-a667-5338d360987d	2025-12-10	1990-08-04	35	165.00	80.00	60.00	29.38	\N	200.00	4.00	\N	rig taylor c-200	100	300	\N
1083	47e734e0-0d6c-5596-9d76-f27c92680c9d	2025-12-10	1990-09-04	35	165.00	80.00	60.00	29.38	\N	200.00	4.00	\N	rig taylor c-200	100	300	\N
1084	6ded6183-1eb4-5cd2-b61b-007c310a028c	2025-12-10	1990-10-04	35	165.00	80.00	60.00	29.38	\N	200.00	4.00	\N	rig taylor c-200	100	300	\N
1085	836d4e61-d01c-5229-a617-2c3cd707b375	2025-12-10	1990-11-04	35	165.00	80.00	60.00	29.38	\N	200.00	4.00	\N	rig taylor c-200	100	300	\N
1086	58b7cf15-fba1-5cf1-931f-a7bfe9a83a0b	2025-12-10	1990-12-04	35	165.00	80.00	60.00	29.38	\N	200.00	4.00	\N	rig taylor c-200	100	300	\N
1087	a403086c-07af-51bb-bbfc-0b0948dacb3d	2025-12-10	1990-04-13	35	165.00	80.00	60.00	29.38	\N	200.00	4.00	\N	rig taylor c-200	100	300	\N
1088	7baba3a5-0026-504c-a65a-ff6c2aba6620	2025-12-10	1990-04-14	35	165.00	80.00	60.00	29.38	\N	200.00	4.00	\N	rig taylor c-200	100	300	\N
1089	1daa0316-3f1b-519f-af9d-1bc36333832d	2025-12-10	1990-04-15	35	165.00	80.00	60.00	29.38	\N	200.00	4.00	\N	rig taylor c-200	100	300	\N
1090	5c426d9e-c76a-548d-9279-bdc2ad02bae4	2025-12-10	1990-04-16	35	165.00	80.00	60.00	29.38	\N	200.00	4.00	\N	rig taylor c-200	100	300	\N
1091	00846767-ac17-5c68-9926-2a64f04300eb	2025-12-10	1990-04-17	35	165.00	80.00	60.00	29.38	\N	200.00	4.00	\N	rig taylor c-200	100	300	\N
1092	05bef456-1a6f-581b-afd6-cc217e7b0976	2025-12-10	1990-04-18	35	165.00	80.00	60.00	29.38	\N	200.00	4.00	\N	rig taylor c-200	100	300	\N
1093	d39d6c55-9e8a-522f-94e7-f9d248650b57	2025-12-10	1990-04-19	35	165.00	80.00	60.00	29.38	\N	200.00	4.00	\N	rig taylor c-200	100	300	\N
1094	55d5d1f1-c4ff-5229-9288-60f5651b9b2d	2025-12-10	1990-04-20	35	165.00	80.00	60.00	29.38	\N	200.00	4.00	\N	rig taylor c-200	100	300	\N
1095	0b9330e8-a67b-5a08-bea4-bf13c6a4f534	2025-12-10	1990-04-21	35	165.00	80.00	60.00	29.38	\N	200.00	4.00	\N	rig taylor c-200	100	300	\N
1096	47f69008-d64f-51d9-9520-7b30a3984fd4	2025-12-10	1990-04-22	35	165.00	80.00	60.00	29.38	\N	200.00	4.00	\N	rig taylor c-200	100	300	\N
1097	0be7ff79-03ff-5c8a-83b1-81dde43b5816	2025-12-10	1990-04-23	35	165.00	80.00	60.00	29.38	\N	200.00	4.00	\N	rig toolshop	100	300	\N
1098	b341e7ae-9a3c-5dda-ae41-c51eecfdae7c	2025-12-10	1990-04-24	35	165.00	80.00	60.00	29.38	\N	200.00	4.00	\N	rig toolshop	100	300	\N
1099	43c72f13-b4cb-5170-849b-0b373159e552	2025-12-10	1990-04-25	35	165.00	80.00	60.00	29.38	\N	200.00	4.00	\N	rig toolshop	100	300	\N
1100	36755ec6-5085-548a-b34f-356b08950e14	2025-12-10	1990-04-26	35	165.00	80.00	60.00	29.38	\N	200.00	4.00	\N	rig toolshop	100	300	\N
1101	2781a1b7-1e6b-5d3d-80e0-b1d60692f446	2025-12-10	1990-04-27	35	165.00	80.00	60.00	29.38	\N	200.00	4.00	\N	rig toolshop	100	300	\N
1102	8944794e-46e7-511d-be12-7ed51edb2444	2025-12-10	1990-04-28	35	165.00	80.00	60.00	29.38	\N	200.00	4.00	\N	rig toolshop	100	300	\N
1103	4bf70d1c-51fa-5e0d-8c18-85d8e797b737	2025-12-10	1990-04-29	35	165.00	80.00	60.00	29.38	\N	200.00	4.00	\N	rig toolshop	100	300	\N
1104	4c170079-ab54-5291-80b6-98735f1507ec	2025-12-10	1990-04-30	35	165.00	90.00	70.00	33.06	\N	200.00	4.00	\N	rig toolshop	100	300	\N
1105	4d5d85f5-e674-5cb8-8530-06a3d0ac890f	2025-12-10	1990-01-05	35	165.00	90.00	70.00	33.06	\N	200.00	4.00	\N	rig toolshop	100	300	\N
1106	e6d43e74-f29f-56af-88d0-8b8026c1dbf0	2025-12-10	1990-02-05	35	165.00	90.00	70.00	33.06	\N	200.00	4.00	\N	rig hwu ehr#10	100	300	\N
1107	644fcd4d-cbcb-5a80-a575-226c20e27569	2025-12-10	1990-03-05	35	165.00	90.00	70.00	33.06	\N	200.00	4.00	\N	rig hwu ehr#10	100	300	\N
1108	9b4394e3-3e59-577f-b961-9cd80f8875b5	2025-12-10	1990-04-05	35	165.00	90.00	70.00	33.06	\N	200.00	4.00	\N	rig hwu ehr#10	100	300	\N
1109	e527b5ae-d9c3-587e-a494-709eee7f5138	2025-12-10	1990-05-05	35	165.00	90.00	70.00	33.06	\N	200.00	4.00	\N	rig hwu ehr#10	100	300	\N
1110	dc495311-7ba8-5c3e-be2b-47e53c1c3b2d	2025-12-10	1990-06-05	35	165.00	90.00	70.00	33.06	\N	200.00	4.00	\N	rig hwu ehr#10	100	300	\N
1111	85de4f4c-3b26-58ba-9de7-e8c795a40104	2025-12-10	1990-07-05	35	165.00	90.00	70.00	33.06	\N	200.00	4.00	\N	rig hwu ehr#10	100	300	\N
1112	134169b0-fdfb-5807-a446-ff4384d56323	2025-12-10	1990-08-05	35	165.00	90.00	70.00	33.06	\N	200.00	4.00	\N	rig hwu ehr#10	100	300	\N
1113	edbc2079-8a7d-56f4-8f7b-ef654e06c372	2025-12-10	1990-09-05	35	165.00	90.00	70.00	33.06	\N	200.00	7.00	\N	rig hwu ehr#10	100	300	\N
1114	ff517b16-1b3f-5c69-a3f8-e9478cf3204e	2025-12-10	1990-10-05	35	165.00	90.00	70.00	33.06	\N	200.00	7.00	\N	rig hwu ehr#10	100	300	\N
1115	5cd9f484-1b9d-5a56-9787-c12f8d726abb	2025-12-10	1990-11-05	35	165.00	90.00	70.00	33.06	\N	200.00	7.00	\N	rig hwu ehr#10	100	300	\N
1116	8dd0a88e-7a4d-578a-941c-fd99ce6b2f18	2025-12-10	1990-12-05	35	165.00	90.00	70.00	33.06	\N	200.00	7.00	\N	rig hwu ehr#10	100	300	\N
1117	a1391364-924b-57ad-a2e2-d624a460cfb9	2025-12-10	1990-05-13	35	165.00	90.00	70.00	33.06	\N	200.00	7.00	\N	rig hwu ehr#10	100	300	\N
1118	d647b5d1-7c5f-53a0-ba7e-0706ecd977bf	2025-12-10	1990-05-14	35	165.00	90.00	70.00	33.06	\N	200.00	7.00	\N	rig hwu ehr#10	100	300	\N
1119	1f1d41c1-0fac-53f6-b994-b1afe4668c16	2025-12-10	1990-05-15	35	165.00	90.00	70.00	33.06	\N	200.00	7.00	\N	rig hwu ehr#10	100	300	\N
1120	b2c4cb0f-053b-5a84-af05-274e814f4a35	2025-12-10	1990-05-16	35	165.00	90.00	70.00	33.06	\N	200.00	7.00	\N	rig hwu ehr#10	100	300	\N
1121	89728c6d-a391-5922-87e0-76e5b5696c26	2025-12-10	1990-05-17	35	165.00	90.00	70.00	33.06	\N	200.00	7.00	\N	rig hwu ehr#10	100	300	\N
1122	e43237e0-4f3d-575d-b2de-c8c773f82e20	2025-12-10	1990-05-18	35	165.00	90.00	70.00	33.06	\N	200.00	7.00	\N	rig hwu ehr#10	100	300	\N
1123	03604173-2450-5209-a92b-62b5899859fb	2025-12-10	1990-05-19	35	165.00	90.00	70.00	33.06	\N	250.00	7.00	\N	rig hwu ehr#10	100	300	\N
1124	1d527042-e0da-5779-b915-18d2fbca479c	2025-12-10	1990-05-20	35	165.00	90.00	70.00	33.06	\N	250.00	7.00	\N	rig hwu ehr#10	100	300	\N
\.


--
-- Data for Name: django_admin_log; Type: TABLE DATA; Schema: public; Owner: -
--

COPY public.django_admin_log (id, action_time, object_id, object_repr, action_flag, change_message, content_type_id, user_id) FROM stdin;
\.


--
-- Data for Name: django_content_type; Type: TABLE DATA; Schema: public; Owner: -
--

COPY public.django_content_type (id, app_label, model) FROM stdin;
1	admin	logentry
2	auth	permission
3	auth	group
4	auth	user
5	contenttypes	contenttype
6	sessions	session
\.


--
-- Data for Name: django_migrations; Type: TABLE DATA; Schema: public; Owner: -
--

COPY public.django_migrations (id, app, name, applied) FROM stdin;
1	contenttypes	0001_initial	2025-10-04 23:23:25.676763+07
2	auth	0001_initial	2025-10-04 23:23:25.810461+07
3	admin	0001_initial	2025-10-04 23:23:25.84501+07
4	admin	0002_logentry_remove_auto_add	2025-10-04 23:23:25.855824+07
5	admin	0003_logentry_add_action_flag_choices	2025-10-04 23:23:25.865245+07
6	contenttypes	0002_remove_content_type_name	2025-10-04 23:23:25.901232+07
7	auth	0002_alter_permission_name_max_length	2025-10-04 23:23:25.913736+07
8	auth	0003_alter_user_email_max_length	2025-10-04 23:23:25.924436+07
9	auth	0004_alter_user_username_opts	2025-10-04 23:23:25.939493+07
10	auth	0005_alter_user_last_login_null	2025-10-04 23:23:25.949643+07
11	auth	0006_require_contenttypes_0002	2025-10-04 23:23:25.9516+07
12	auth	0007_alter_validators_add_error_messages	2025-10-04 23:23:25.961758+07
13	auth	0008_alter_user_username_max_length	2025-10-04 23:23:25.980205+07
14	auth	0009_alter_user_last_name_max_length	2025-10-04 23:23:25.993499+07
15	auth	0010_alter_group_name_max_length	2025-10-04 23:23:26.005572+07
16	auth	0011_update_proxy_permissions	2025-10-04 23:23:26.019131+07
17	auth	0012_alter_user_first_name_max_length	2025-10-04 23:23:26.030575+07
18	sessions	0001_initial	2025-10-04 23:23:26.046468+07
\.


--
-- Data for Name: django_session; Type: TABLE DATA; Schema: public; Owner: -
--

COPY public.django_session (session_key, session_data, expire_date) FROM stdin;
dccyeg0zg2w6lohthi3j31a4t5ilw9re	.eJxFzMEKwkAMhOFXiTkvIoIIfQW96VGQ2A67C9sUNslJfHdbL16H_5s3h6E_-9LAA9-hkoUuMBRxUU4s4QXqdRTHxIP3QPoZlXkjGt1ADvM1thhHmK3zI47nw4muS65KL_QiVtuObmgyi9O0vedEf73nzxeUSTDe:1v8LXw:gZugTy5uXSRPJHqZQYC9CzXRI6YMA9sht1jQNEs3vaM	2025-10-27 23:37:16.295101+07
33ux0u29dza9mtkzl2wf2s544a8ij319	.eJw9zMEJgDAMRuFdcnaC7uAMJdRfLaSpps1BxN1VBK8fvHcSe1-hPSfumCh0cwzkDaZcQIEKKy8w-jBalVfHX3eLnBJaozCztCdG2aQeQPT8DNVFrhuDWCUL:1v6qbB:RVnYIt1mlN_5c5zrDzbgGwH7H3SWXQQAQEft8UTeSgM	2025-10-23 20:22:25.664275+07
oa0s1485453gnllyb10zp4tl8h1m2i39	.eJw9zMEJgDAMRuFdcnaC7uAMJdRfLaSpps1BxN1VBK8fvHcSe1-hPSfumCh0cwzkDaZcQIEKKy8w-jBalVfHX3eLnBJaozCztCdG2aQeQPT8DNVFrhuDWCUL:1v6qbM:ukIbCbXni2a9dc0yrkC7-1C9jhK4EgFqf_v60-FksHs	2025-10-23 20:22:36.485327+07
\.


--
-- Data for Name: karyawan; Type: TABLE DATA; Schema: public; Owner: -
--

COPY public.karyawan (uid, nama, jabatan, lokasi, tanggal_lahir, uploaded_at, upload_batch_id) FROM stdin;
ef6d061c-0f0b-5f0e-ad57-ac3667ed7623	nugroho ery soekarno	ast. man ws	kantor	\N	\N	dbaddebe-3703-4dec-a52e-e19fc54f94b6
faef548a-fcf5-562d-a24a-68827b350fa6	david kuncoro	sr. spv ws	kantor	\N	\N	dbaddebe-3703-4dec-a52e-e19fc54f94b6
3c47db28-db32-561a-8b13-c42acf133973	teguh rachman hidayat	eng. ws	kantor	\N	\N	dbaddebe-3703-4dec-a52e-e19fc54f94b6
9f3a9350-340f-5c5b-9c8c-6920485d948b	nabilla justicia adidharma	eng. ws	kantor	\N	\N	dbaddebe-3703-4dec-a52e-e19fc54f94b6
138791a8-8e61-5a9e-ac21-811f5c34e56b	abdurohman	rig spv	kantor	\N	\N	dbaddebe-3703-4dec-a52e-e19fc54f94b6
65442a4d-97ff-56c6-ac64-f4e9bcfa1b0b	rudi suryono	rig spv	kantor	\N	\N	dbaddebe-3703-4dec-a52e-e19fc54f94b6
99c2e32b-16a4-5575-abcc-cf15459eb211	eko agus sutejo	rig spv	kantor	\N	\N	dbaddebe-3703-4dec-a52e-e19fc54f94b6
0ad6a2c2-9542-5ef5-8428-4b573759c7e0	dede wahyudi	rig spv	kantor	\N	\N	dbaddebe-3703-4dec-a52e-e19fc54f94b6
672921e3-8e6e-5eb2-b362-9a0c784f5efb	budiarso	tech tools al	kantor	\N	\N	dbaddebe-3703-4dec-a52e-e19fc54f94b6
b5a2bfdd-64fc-5402-a675-f59778676ff6	hendra ratna ariwibowo	sr. spv ws	kantor	\N	\N	dbaddebe-3703-4dec-a52e-e19fc54f94b6
29854d66-b7f2-5b51-965f-99e69e166c2b	luthfi m.	rig spv	kantor	\N	\N	dbaddebe-3703-4dec-a52e-e19fc54f94b6
d645fb24-1ba8-5d6f-af04-00be12e0bcd7	yehezkiel driyarkara	rig spv	kantor	\N	\N	dbaddebe-3703-4dec-a52e-e19fc54f94b6
3efc3711-9f7c-5518-883e-b4824a1351a3	tri haris nurbaya	rig spv	kantor	\N	\N	dbaddebe-3703-4dec-a52e-e19fc54f94b6
97cf6ac1-70bb-58a1-897e-72039cb8c862	rizky hariyadi kurniawan	rig spv	kantor	\N	\N	dbaddebe-3703-4dec-a52e-e19fc54f94b6
26b69332-b82e-527a-922f-4bc14c7f323d	fredi sukamto	rig spv	kantor	\N	\N	dbaddebe-3703-4dec-a52e-e19fc54f94b6
88a84674-0a3a-55d0-b9ec-6d4dff137668	indra p w	rig spv	kantor	\N	\N	dbaddebe-3703-4dec-a52e-e19fc54f94b6
af1e737e-6423-5f3c-a5df-f790634485a0	gunawan w.	rig spv	kantor	\N	\N	dbaddebe-3703-4dec-a52e-e19fc54f94b6
f7d2aff0-d504-5594-b389-9c0443454b66	dirga ageng santiko	safety officer	kantor	\N	\N	dbaddebe-3703-4dec-a52e-e19fc54f94b6
03cad541-34fd-51e9-97e0-2dc836746376	dadang arga aridinata	safety officer	kantor	\N	\N	dbaddebe-3703-4dec-a52e-e19fc54f94b6
edefa223-95c4-5438-b9d4-9b9ca04a96ad	nugroho dwi cahyono	safety officer	kantor	\N	\N	dbaddebe-3703-4dec-a52e-e19fc54f94b6
cb7dd507-827b-591a-b98f-57869bc07576	triono widyatmoko	safety officer	kantor	\N	\N	dbaddebe-3703-4dec-a52e-e19fc54f94b6
d1d82750-24ed-5a8e-a8fb-aa690c0cf6fd	akhmad zaenul arifin	safety officer	kantor	\N	\N	dbaddebe-3703-4dec-a52e-e19fc54f94b6
9ee83f45-557c-578c-a7cf-1276c93b836d	taufiq zakaria	hsec	kantor	\N	\N	dbaddebe-3703-4dec-a52e-e19fc54f94b6
87fca5c9-4e93-5c22-b256-2775bef466c9	baktiar julianto	hse	kantor	\N	\N	dbaddebe-3703-4dec-a52e-e19fc54f94b6
3d8bd2e6-3a7a-5156-a13a-fabf792b44e1	hasyholan juniyanto h	tech tools al	kantor	\N	\N	dbaddebe-3703-4dec-a52e-e19fc54f94b6
e9714cb5-9446-598d-82f9-ff44049aca8f	wakhid sayful hakim	jr. eng ws	kantor	\N	\N	dbaddebe-3703-4dec-a52e-e19fc54f94b6
a0baf240-f478-50eb-85b7-d592c2eadaec	intan kartika nuzula	jr. eng ws	kantor	\N	\N	dbaddebe-3703-4dec-a52e-e19fc54f94b6
7f020caf-2ea2-5691-9507-c4c31e65e469	dian nita novilasari	adm	kantor	\N	\N	dbaddebe-3703-4dec-a52e-e19fc54f94b6
6cdd2209-80a2-5db4-873a-eede88159856	rahman	jr. eng ws	kantor	\N	\N	dbaddebe-3703-4dec-a52e-e19fc54f94b6
e20dec29-0e86-5b36-9dd7-32bfd337424b	rigga epsi b	rig spv	kantor	\N	\N	dbaddebe-3703-4dec-a52e-e19fc54f94b6
49d18701-50cb-5d0a-9798-defaed5c7af0	zainal aripin	op hoist	rig ab-100	\N	\N	dbaddebe-3703-4dec-a52e-e19fc54f94b6
2a78da17-f32d-50e0-a443-a18006b8095f	jupriyanto	derrickman	rig ab-100	\N	\N	dbaddebe-3703-4dec-a52e-e19fc54f94b6
916c5510-7669-5ced-8468-8d4425340690	eko sudarto	floorman	rig ab-100	\N	\N	dbaddebe-3703-4dec-a52e-e19fc54f94b6
cc228022-a266-5478-806b-4ae7e9e74bfd	dadang sujatmiko	floorman	rig ab-100	\N	\N	dbaddebe-3703-4dec-a52e-e19fc54f94b6
bb722d9b-4a7a-5a9e-9f86-e52dc4cfbed6	sigit purnomo	floorman	rig ab-100	\N	\N	dbaddebe-3703-4dec-a52e-e19fc54f94b6
cdaec203-74ac-5b3d-b747-c20bfbfd6a7e	prima	motoris	rig ab-100	\N	\N	dbaddebe-3703-4dec-a52e-e19fc54f94b6
b7cf95b2-5e01-5c27-9834-9df99157f833	m. minannurohman	roustabout	rig ab-100	\N	\N	dbaddebe-3703-4dec-a52e-e19fc54f94b6
6df9ebdb-8a65-58cc-91f4-067a1b40fda4	kamim	op hoist	rig ab-100	\N	\N	dbaddebe-3703-4dec-a52e-e19fc54f94b6
0e1c7bf3-bb05-5f31-a403-7f0b1c791077	sukirman	derrickman	rig ab-100	\N	\N	dbaddebe-3703-4dec-a52e-e19fc54f94b6
895eeae6-aa24-5575-a417-3d294f0331c1	heri budiyono	derrickman	rig ab-100	\N	\N	dbaddebe-3703-4dec-a52e-e19fc54f94b6
0cf5e89b-f6c3-51e9-8035-4d056d8260fe	pawikno	floorman	rig ab-100	\N	\N	dbaddebe-3703-4dec-a52e-e19fc54f94b6
2daaac19-d742-5fea-99b5-cb55250bc47b	setiadi b	floorman	rig ab-100	\N	\N	dbaddebe-3703-4dec-a52e-e19fc54f94b6
273db5ec-171c-5e49-8d6f-d1a2fbafff1e	doddy lukito	floorman	rig ab-100	\N	\N	dbaddebe-3703-4dec-a52e-e19fc54f94b6
30f94859-8831-568a-ab67-7bb04f91131c	aldillah panji	motoris	rig ab-100	\N	\N	dbaddebe-3703-4dec-a52e-e19fc54f94b6
395a7ee3-25d9-5044-a87b-6f121b8c1eee	ivo hardianto	roustabout	rig ab-100	\N	\N	dbaddebe-3703-4dec-a52e-e19fc54f94b6
8316741d-3904-595a-996b-fee1e1eb83d6	kustiyono	op hoist	rig ab-100	\N	\N	dbaddebe-3703-4dec-a52e-e19fc54f94b6
bbeb0e81-5ad6-55bc-9dae-af5a035f02f1	andik	op hoist	rig ab-100	\N	\N	dbaddebe-3703-4dec-a52e-e19fc54f94b6
34aa57f7-d2d8-5696-912f-672462dd9727	endrik	derrickman	rig ab-100	\N	\N	dbaddebe-3703-4dec-a52e-e19fc54f94b6
63970760-4f66-5135-bcf8-16496d60f1fa	gunawan	floorman	rig ab-100	\N	\N	dbaddebe-3703-4dec-a52e-e19fc54f94b6
41fab784-b733-50ec-a485-45cf4607257b	fauzan farid h	floorman	rig ab-100	\N	\N	dbaddebe-3703-4dec-a52e-e19fc54f94b6
532ce9c1-2688-55ec-8d06-1fcc9ef7d000	prasetiyo cahya	floorman	rig ab-100	\N	\N	dbaddebe-3703-4dec-a52e-e19fc54f94b6
b9caf11c-7d3e-59af-bd43-159c39379e53	sri mulyanto	motoris	rig ab-100	\N	\N	dbaddebe-3703-4dec-a52e-e19fc54f94b6
d267537a-edac-5766-a80a-8d81fe08424c	doddy tegar	roustabout	rig ab-100	\N	\N	dbaddebe-3703-4dec-a52e-e19fc54f94b6
c3effe30-caad-5a02-95a4-f441f2a4eb59	dadang arga aridianto	safety officer	rig ab-100	\N	\N	dbaddebe-3703-4dec-a52e-e19fc54f94b6
9c09632d-0cce-528a-a3d5-170a16b5f0ab	akhmad zaenul a.	safety officer	rig ab-100	\N	\N	dbaddebe-3703-4dec-a52e-e19fc54f94b6
475e4654-85b5-5cf4-9641-39308d388f82	rizky hariyadi	coman	rig ab-100	\N	\N	dbaddebe-3703-4dec-a52e-e19fc54f94b6
3291b47f-18dc-50dc-b68b-8a32b35118d7	luthfy m.	coman	rig ab-100	\N	\N	dbaddebe-3703-4dec-a52e-e19fc54f94b6
17b16d97-ec40-5a29-999d-65efb3a3062a	indra p.w	coman	rig ab-100	\N	\N	dbaddebe-3703-4dec-a52e-e19fc54f94b6
b8315a0b-ee03-52d8-bc38-18c7649c6447	totok w	opr.hoist	rig lto-150	\N	\N	dbaddebe-3703-4dec-a52e-e19fc54f94b6
078441da-f301-5f5d-9ce8-15e0e769000c	farih m.a	floorman	rig lto-150	\N	\N	dbaddebe-3703-4dec-a52e-e19fc54f94b6
edcb1eed-6482-5383-9475-46d980b36769	heri .p	derrikcman	rig lto-150	\N	\N	dbaddebe-3703-4dec-a52e-e19fc54f94b6
14653334-c724-5617-80f5-0d54f31bcc2a	budiyono	floorman	rig lto-150	\N	\N	dbaddebe-3703-4dec-a52e-e19fc54f94b6
d436d7f6-8520-50c9-b5ac-9cb6792ffd6a	jaswadi	floorman	rig lto-150	\N	\N	dbaddebe-3703-4dec-a52e-e19fc54f94b6
dcb42af1-5350-5c62-847f-8848e05df6c5	sudiyono	motoris	rig lto-150	\N	\N	dbaddebe-3703-4dec-a52e-e19fc54f94b6
a5ab5ae4-5da1-5038-a6c3-b8eee43c599a	sugiono	opr.hoist	rig lto-150	\N	\N	dbaddebe-3703-4dec-a52e-e19fc54f94b6
593eaa61-2544-59b9-891d-1f447f0fb012	sumarsono	derrikcman	rig lto-150	\N	\N	dbaddebe-3703-4dec-a52e-e19fc54f94b6
5b55ab84-997e-56d2-b7e4-d882ce781044	legiman	floorman	rig lto-150	\N	\N	dbaddebe-3703-4dec-a52e-e19fc54f94b6
60a86b31-23bc-5ea1-ac82-6b24c7706ad4	syaiful.r	floorman	rig lto-150	\N	\N	dbaddebe-3703-4dec-a52e-e19fc54f94b6
0765e2d8-a44b-5610-832e-0fd93761142d	sahuri	floorman	rig lto-150	\N	\N	dbaddebe-3703-4dec-a52e-e19fc54f94b6
b0cd79b7-bd8e-59c8-96fb-60c0977bf144	supadmo	motoris	rig lto-150	\N	\N	dbaddebe-3703-4dec-a52e-e19fc54f94b6
5163b615-c97c-52e6-8202-d8daec70a2ea	winarko	opr.hoist	rig lto-150	\N	\N	dbaddebe-3703-4dec-a52e-e19fc54f94b6
eaf4ed58-5198-5d24-9e03-59e69b8cfae3	sutrisno	derrikcman	rig lto-150	\N	\N	dbaddebe-3703-4dec-a52e-e19fc54f94b6
ad375b97-740e-5356-abfa-c61752300d3e	hari kurniawan	floorman	rig lto-150	\N	\N	dbaddebe-3703-4dec-a52e-e19fc54f94b6
82222ee5-84a6-5443-8d0d-45564e7838b4	yaenu. m	floorman	rig lto-150	\N	\N	dbaddebe-3703-4dec-a52e-e19fc54f94b6
1e11e8f7-9faf-524d-8d79-a3712544810b	alfin adam. w	floorman	rig lto-150	\N	\N	dbaddebe-3703-4dec-a52e-e19fc54f94b6
fd118bba-e21a-5e4a-bea9-c5b4b757d9ed	supriadi	motoris	rig lto-150	\N	\N	dbaddebe-3703-4dec-a52e-e19fc54f94b6
e64cab58-0310-560b-8db3-40836c57bb9c	sukma. w	roustabout	rig lto-150	\N	\N	dbaddebe-3703-4dec-a52e-e19fc54f94b6
0a899ae2-e765-5b93-bd78-fc72e0c11f5b	buyung	roustabout	rig lto-150	\N	\N	dbaddebe-3703-4dec-a52e-e19fc54f94b6
7102a72f-95d2-5817-a4ec-6de85099fc8d	arifin nur	roustabout	rig lto-150	\N	\N	dbaddebe-3703-4dec-a52e-e19fc54f94b6
ccd5d6a1-b6cc-594d-aa0c-a60796e937bc	fredi s.n	company man	rig lto-150	\N	\N	dbaddebe-3703-4dec-a52e-e19fc54f94b6
88b3070e-43fa-5e01-9e23-278c59e40549	tomi	driver	rig lto-150	\N	\N	dbaddebe-3703-4dec-a52e-e19fc54f94b6
148c1759-5d95-5e9b-bf04-853e6b56051d	nugroho d.c	hsseo	rig lto-150	\N	\N	dbaddebe-3703-4dec-a52e-e19fc54f94b6
8c4765ae-2753-59c0-ae44-1fd2b1466896	dirga a.s	hsseo	rig lto-150	\N	\N	dbaddebe-3703-4dec-a52e-e19fc54f94b6
ae3fc4ad-e9d1-517d-a4fc-3a5fdab772ed	suyoto	op hoist	rig taylor c-200	\N	\N	dbaddebe-3703-4dec-a52e-e19fc54f94b6
548a26b2-3cbc-5c45-b5b4-d900c043d8cf	reagen banua g. s.	derrickman	rig taylor c-200	\N	\N	dbaddebe-3703-4dec-a52e-e19fc54f94b6
2445dd00-c5a8-55fc-a504-a8e82410fd3c	budi prasetyo	derickman	rig taylor c-200	\N	\N	dbaddebe-3703-4dec-a52e-e19fc54f94b6
192b3461-12a9-5941-8fc3-bef6f410a062	sony	floorman	rig taylor c-200	\N	\N	dbaddebe-3703-4dec-a52e-e19fc54f94b6
bd62a055-8791-5bd4-9273-d29e7bc2d6f9	sucipto	floorman	rig taylor c-200	\N	\N	dbaddebe-3703-4dec-a52e-e19fc54f94b6
fa87878d-b73b-502a-a12a-02243846b24b	yopi. p	floorman	rig taylor c-200	\N	\N	dbaddebe-3703-4dec-a52e-e19fc54f94b6
5c77210a-f538-57e6-af5f-a6b44d032c24	ari. p	motoris	rig taylor c-200	\N	\N	dbaddebe-3703-4dec-a52e-e19fc54f94b6
3a0d6be9-23a0-519d-b009-cfaa7158e51e	alfin	roustabout	rig taylor c-200	\N	\N	dbaddebe-3703-4dec-a52e-e19fc54f94b6
5b2c48fc-b816-5002-8914-154565b793f5	agus b. p	op hoist	rig taylor c-200	\N	\N	dbaddebe-3703-4dec-a52e-e19fc54f94b6
03ad932d-af5d-57f0-a1af-ebd06b650bfe	sriadi	derrickman	rig taylor c-200	\N	\N	dbaddebe-3703-4dec-a52e-e19fc54f94b6
726273cc-a039-5baa-9f3a-f6ce3a057329	aris m	floorman	rig taylor c-200	\N	\N	dbaddebe-3703-4dec-a52e-e19fc54f94b6
0acbf30e-5276-54bd-8206-8ec2f88e906a	suyanto	floorman	rig taylor c-200	\N	\N	dbaddebe-3703-4dec-a52e-e19fc54f94b6
b67005a3-67ee-5984-a96b-11194da732d5	agung p	floorman	rig taylor c-200	\N	\N	dbaddebe-3703-4dec-a52e-e19fc54f94b6
66b60811-af41-5223-a78c-34b6f957e86d	oragasari	roustabout	rig taylor c-200	\N	\N	dbaddebe-3703-4dec-a52e-e19fc54f94b6
cbd4f7ee-4748-5989-a667-5338d360987d	giat budi p	motoris	rig taylor c-200	\N	\N	dbaddebe-3703-4dec-a52e-e19fc54f94b6
47e734e0-0d6c-5596-9d76-f27c92680c9d	totok h	op hoist	rig taylor c-200	\N	\N	dbaddebe-3703-4dec-a52e-e19fc54f94b6
6ded6183-1eb4-5cd2-b61b-007c310a028c	eko adi h	derrickman	rig taylor c-200	\N	\N	dbaddebe-3703-4dec-a52e-e19fc54f94b6
836d4e61-d01c-5229-a617-2c3cd707b375	antoko	floorman	rig taylor c-200	\N	\N	dbaddebe-3703-4dec-a52e-e19fc54f94b6
58b7cf15-fba1-5cf1-931f-a7bfe9a83a0b	abu sofyan	floorman	rig taylor c-200	\N	\N	dbaddebe-3703-4dec-a52e-e19fc54f94b6
a403086c-07af-51bb-bbfc-0b0948dacb3d	imam sahyudi	floorman	rig taylor c-200	\N	\N	dbaddebe-3703-4dec-a52e-e19fc54f94b6
7baba3a5-0026-504c-a65a-ff6c2aba6620	nyadi	motoris	rig taylor c-200	\N	\N	dbaddebe-3703-4dec-a52e-e19fc54f94b6
1daa0316-3f1b-519f-af9d-1bc36333832d	reza	roustabout	rig taylor c-200	\N	\N	dbaddebe-3703-4dec-a52e-e19fc54f94b6
5c426d9e-c76a-548d-9279-bdc2ad02bae4	hery	driver coman	rig taylor c-200	\N	\N	dbaddebe-3703-4dec-a52e-e19fc54f94b6
00846767-ac17-5c68-9926-2a64f04300eb	pendi	driver coman	rig taylor c-200	\N	\N	dbaddebe-3703-4dec-a52e-e19fc54f94b6
05bef456-1a6f-581b-afd6-cc217e7b0976	ulil albab	safety officer	rig taylor c-200	\N	\N	dbaddebe-3703-4dec-a52e-e19fc54f94b6
d39d6c55-9e8a-522f-94e7-f9d248650b57	triyono w.	safety officer	rig taylor c-200	\N	\N	dbaddebe-3703-4dec-a52e-e19fc54f94b6
55d5d1f1-c4ff-5229-9288-60f5651b9b2d	a. rohman	coman	rig taylor c-200	\N	\N	dbaddebe-3703-4dec-a52e-e19fc54f94b6
0b9330e8-a67b-5a08-bea4-bf13c6a4f534	tri harris	coman	rig taylor c-200	\N	\N	dbaddebe-3703-4dec-a52e-e19fc54f94b6
47f69008-d64f-51d9-9520-7b30a3984fd4	yehezkiel	coman	rig taylor c-200	\N	\N	dbaddebe-3703-4dec-a52e-e19fc54f94b6
0be7ff79-03ff-5c8a-83b1-81dde43b5816	tentrem bagiyo	toolman	rig toolshop	\N	\N	dbaddebe-3703-4dec-a52e-e19fc54f94b6
b341e7ae-9a3c-5dda-ae41-c51eecfdae7c	agus sutarto	toolman	rig toolshop	\N	\N	dbaddebe-3703-4dec-a52e-e19fc54f94b6
43c72f13-b4cb-5170-849b-0b373159e552	jaswadi	toolman	rig toolshop	\N	\N	dbaddebe-3703-4dec-a52e-e19fc54f94b6
36755ec6-5085-548a-b34f-356b08950e14	atryas wibisono	welder	rig toolshop	\N	\N	dbaddebe-3703-4dec-a52e-e19fc54f94b6
2781a1b7-1e6b-5d3d-80e0-b1d60692f446	puji kartiono	welder	rig toolshop	\N	\N	dbaddebe-3703-4dec-a52e-e19fc54f94b6
8944794e-46e7-511d-be12-7ed51edb2444	m. nur rohman	toolman	rig toolshop	\N	\N	dbaddebe-3703-4dec-a52e-e19fc54f94b6
4bf70d1c-51fa-5e0d-8c18-85d8e797b737	mas deni	toolman	rig toolshop	\N	\N	dbaddebe-3703-4dec-a52e-e19fc54f94b6
4c170079-ab54-5291-80b6-98735f1507ec	andika irvan m	toolman	rig toolshop	\N	\N	dbaddebe-3703-4dec-a52e-e19fc54f94b6
4d5d85f5-e674-5cb8-8530-06a3d0ac890f	karunia fajar w	hse	rig toolshop	\N	\N	dbaddebe-3703-4dec-a52e-e19fc54f94b6
e6d43e74-f29f-56af-88d0-8b8026c1dbf0	rully	asisten opt	rig hwu ehr#10	\N	\N	dbaddebe-3703-4dec-a52e-e19fc54f94b6
644fcd4d-cbcb-5a80-a575-226c20e27569	agus hendra	oprator	rig hwu ehr#10	\N	\N	dbaddebe-3703-4dec-a52e-e19fc54f94b6
9b4394e3-3e59-577f-b961-9cd80f8875b5	arga	r/n	rig hwu ehr#10	\N	\N	dbaddebe-3703-4dec-a52e-e19fc54f94b6
e527b5ae-d9c3-587e-a494-709eee7f5138	lutfi	r/n	rig hwu ehr#10	\N	\N	dbaddebe-3703-4dec-a52e-e19fc54f94b6
dc495311-7ba8-5c3e-be2b-47e53c1c3b2d	hasan basri	pam opt	rig hwu ehr#10	\N	\N	dbaddebe-3703-4dec-a52e-e19fc54f94b6
85de4f4c-3b26-58ba-9de7-e8c795a40104	adit	r/n	rig hwu ehr#10	\N	\N	dbaddebe-3703-4dec-a52e-e19fc54f94b6
134169b0-fdfb-5807-a446-ff4384d56323	aditya s	store man	rig hwu ehr#10	\N	\N	dbaddebe-3703-4dec-a52e-e19fc54f94b6
edbc2079-8a7d-56f4-8f7b-ef654e06c372	mahbul	spv	rig hwu ehr#10	\N	\N	dbaddebe-3703-4dec-a52e-e19fc54f94b6
ff517b16-1b3f-5c69-a3f8-e9478cf3204e	romi	vacum	rig hwu ehr#10	\N	\N	dbaddebe-3703-4dec-a52e-e19fc54f94b6
5cd9f484-1b9d-5a56-9787-c12f8d726abb	krisna	rigger	rig hwu ehr#10	\N	\N	dbaddebe-3703-4dec-a52e-e19fc54f94b6
8dd0a88e-7a4d-578a-941c-fd99ce6b2f18	hakim	hse	rig hwu ehr#10	\N	\N	dbaddebe-3703-4dec-a52e-e19fc54f94b6
a1391364-924b-57ad-a2e2-d624a460cfb9	rismanto	elektrika	rig hwu ehr#10	\N	\N	dbaddebe-3703-4dec-a52e-e19fc54f94b6
d647b5d1-7c5f-53a0-ba7e-0706ecd977bf	anil hakim	oprator	rig hwu ehr#10	\N	\N	dbaddebe-3703-4dec-a52e-e19fc54f94b6
1f1d41c1-0fac-53f6-b994-b1afe4668c16	erlan	r/n	rig hwu ehr#10	\N	\N	dbaddebe-3703-4dec-a52e-e19fc54f94b6
b2c4cb0f-053b-5a84-af05-274e814f4a35	arif	spv	rig hwu ehr#10	\N	\N	dbaddebe-3703-4dec-a52e-e19fc54f94b6
89728c6d-a391-5922-87e0-76e5b5696c26	riscy	r/n	rig hwu ehr#10	\N	\N	dbaddebe-3703-4dec-a52e-e19fc54f94b6
e43237e0-4f3d-575d-b2de-c8c773f82e20	andre	asisten opt	rig hwu ehr#10	\N	\N	dbaddebe-3703-4dec-a52e-e19fc54f94b6
03604173-2450-5209-a92b-62b5899859fb	yoga wisnu	r/n	rig hwu ehr#10	\N	\N	dbaddebe-3703-4dec-a52e-e19fc54f94b6
1d527042-e0da-5779-b915-18d2fbca479c	juni hartanto	pam opt	rig hwu ehr#10	\N	\N	dbaddebe-3703-4dec-a52e-e19fc54f94b6
\.


--
-- Data for Name: lokasi; Type: TABLE DATA; Schema: public; Owner: -
--

COPY public.lokasi (name) FROM stdin;
Rig LTO-150
Rig Taylor C-200
Rig AB-100
Kantor
Rig HWU EHR#10
\.


--
-- Data for Name: users; Type: TABLE DATA; Schema: public; Owner: -
--

COPY public.users (id, username, password, role, created_at) FROM stdin;
1	master	$2b$12$qTWNGoWfukaWDM2CgI0SHeyjG/Bg2ZDEyq1Z4qOxE.kTNVwU0uIzW	Master	2025-09-21 23:09:10.998675
2	manager	$2b$12$zYTaWmJTrDcvxRZnv2nM1O5GXcgJMOofT2/zEvXWpfu0zhomUl/wa	Manager	2025-09-21 23:09:10.998675
3	nurse test	$2b$12$AX.zvW8NDmM6jcCBOmmJaeZFpOALA6sQHdwcl46kA1dLzOEEB0OuC	Tenaga Kesehatan	2025-09-21 23:09:10.998675
\.


--
-- Name: auth_group_id_seq; Type: SEQUENCE SET; Schema: public; Owner: -
--

SELECT pg_catalog.setval('public.auth_group_id_seq', 1, false);


--
-- Name: auth_group_permissions_id_seq; Type: SEQUENCE SET; Schema: public; Owner: -
--

SELECT pg_catalog.setval('public.auth_group_permissions_id_seq', 1, false);


--
-- Name: auth_permission_id_seq; Type: SEQUENCE SET; Schema: public; Owner: -
--

SELECT pg_catalog.setval('public.auth_permission_id_seq', 24, true);


--
-- Name: auth_user_groups_id_seq; Type: SEQUENCE SET; Schema: public; Owner: -
--

SELECT pg_catalog.setval('public.auth_user_groups_id_seq', 1, false);


--
-- Name: auth_user_id_seq; Type: SEQUENCE SET; Schema: public; Owner: -
--

SELECT pg_catalog.setval('public.auth_user_id_seq', 1, false);


--
-- Name: auth_user_user_permissions_id_seq; Type: SEQUENCE SET; Schema: public; Owner: -
--

SELECT pg_catalog.setval('public.auth_user_user_permissions_id_seq', 1, false);


--
-- Name: checkups_checkup_id_seq; Type: SEQUENCE SET; Schema: public; Owner: -
--

SELECT pg_catalog.setval('public.checkups_checkup_id_seq', 1124, true);


--
-- Name: django_admin_log_id_seq; Type: SEQUENCE SET; Schema: public; Owner: -
--

SELECT pg_catalog.setval('public.django_admin_log_id_seq', 1, false);


--
-- Name: django_content_type_id_seq; Type: SEQUENCE SET; Schema: public; Owner: -
--

SELECT pg_catalog.setval('public.django_content_type_id_seq', 6, true);


--
-- Name: django_migrations_id_seq; Type: SEQUENCE SET; Schema: public; Owner: -
--

SELECT pg_catalog.setval('public.django_migrations_id_seq', 18, true);


--
-- Name: users_id_seq; Type: SEQUENCE SET; Schema: public; Owner: -
--

SELECT pg_catalog.setval('public.users_id_seq', 3, true);


--
-- Name: auth_group auth_group_name_key; Type: CONSTRAINT; Schema: public; Owner: -
--

ALTER TABLE ONLY public.auth_group
    ADD CONSTRAINT auth_group_name_key UNIQUE (name);


--
-- Name: auth_group_permissions auth_group_permissions_group_id_permission_id_0cd325b0_uniq; Type: CONSTRAINT; Schema: public; Owner: -
--

ALTER TABLE ONLY public.auth_group_permissions
    ADD CONSTRAINT auth_group_permissions_group_id_permission_id_0cd325b0_uniq UNIQUE (group_id, permission_id);


--
-- Name: auth_group_permissions auth_group_permissions_pkey; Type: CONSTRAINT; Schema: public; Owner: -
--

ALTER TABLE ONLY public.auth_group_permissions
    ADD CONSTRAINT auth_group_permissions_pkey PRIMARY KEY (id);


--
-- Name: auth_group auth_group_pkey; Type: CONSTRAINT; Schema: public; Owner: -
--

ALTER TABLE ONLY public.auth_group
    ADD CONSTRAINT auth_group_pkey PRIMARY KEY (id);


--
-- Name: auth_permission auth_permission_content_type_id_codename_01ab375a_uniq; Type: CONSTRAINT; Schema: public; Owner: -
--

ALTER TABLE ONLY public.auth_permission
    ADD CONSTRAINT auth_permission_content_type_id_codename_01ab375a_uniq UNIQUE (content_type_id, codename);


--
-- Name: auth_permission auth_permission_pkey; Type: CONSTRAINT; Schema: public; Owner: -
--

ALTER TABLE ONLY public.auth_permission
    ADD CONSTRAINT auth_permission_pkey PRIMARY KEY (id);


--
-- Name: auth_user_groups auth_user_groups_pkey; Type: CONSTRAINT; Schema: public; Owner: -
--

ALTER TABLE ONLY public.auth_user_groups
    ADD CONSTRAINT auth_user_groups_pkey PRIMARY KEY (id);


--
-- Name: auth_user_groups auth_user_groups_user_id_group_id_94350c0c_uniq; Type: CONSTRAINT; Schema: public; Owner: -
--

ALTER TABLE ONLY public.auth_user_groups
    ADD CONSTRAINT auth_user_groups_user_id_group_id_94350c0c_uniq UNIQUE (user_id, group_id);


--
-- Name: auth_user auth_user_pkey; Type: CONSTRAINT; Schema: public; Owner: -
--

ALTER TABLE ONLY public.auth_user
    ADD CONSTRAINT auth_user_pkey PRIMARY KEY (id);


--
-- Name: auth_user_user_permissions auth_user_user_permissions_pkey; Type: CONSTRAINT; Schema: public; Owner: -
--

ALTER TABLE ONLY public.auth_user_user_permissions
    ADD CONSTRAINT auth_user_user_permissions_pkey PRIMARY KEY (id);


--
-- Name: auth_user_user_permissions auth_user_user_permissions_user_id_permission_id_14a6b632_uniq; Type: CONSTRAINT; Schema: public; Owner: -
--

ALTER TABLE ONLY public.auth_user_user_permissions
    ADD CONSTRAINT auth_user_user_permissions_user_id_permission_id_14a6b632_uniq UNIQUE (user_id, permission_id);


--
-- Name: auth_user auth_user_username_key; Type: CONSTRAINT; Schema: public; Owner: -
--

ALTER TABLE ONLY public.auth_user
    ADD CONSTRAINT auth_user_username_key UNIQUE (username);


--
-- Name: checkups checkups_pkey; Type: CONSTRAINT; Schema: public; Owner: -
--

ALTER TABLE ONLY public.checkups
    ADD CONSTRAINT checkups_pkey PRIMARY KEY (checkup_id);


--
-- Name: django_admin_log django_admin_log_pkey; Type: CONSTRAINT; Schema: public; Owner: -
--

ALTER TABLE ONLY public.django_admin_log
    ADD CONSTRAINT django_admin_log_pkey PRIMARY KEY (id);


--
-- Name: django_content_type django_content_type_app_label_model_76bd3d3b_uniq; Type: CONSTRAINT; Schema: public; Owner: -
--

ALTER TABLE ONLY public.django_content_type
    ADD CONSTRAINT django_content_type_app_label_model_76bd3d3b_uniq UNIQUE (app_label, model);


--
-- Name: django_content_type django_content_type_pkey; Type: CONSTRAINT; Schema: public; Owner: -
--

ALTER TABLE ONLY public.django_content_type
    ADD CONSTRAINT django_content_type_pkey PRIMARY KEY (id);


--
-- Name: django_migrations django_migrations_pkey; Type: CONSTRAINT; Schema: public; Owner: -
--

ALTER TABLE ONLY public.django_migrations
    ADD CONSTRAINT django_migrations_pkey PRIMARY KEY (id);


--
-- Name: django_session django_session_pkey; Type: CONSTRAINT; Schema: public; Owner: -
--

ALTER TABLE ONLY public.django_session
    ADD CONSTRAINT django_session_pkey PRIMARY KEY (session_key);


--
-- Name: karyawan karyawan_pkey; Type: CONSTRAINT; Schema: public; Owner: -
--

ALTER TABLE ONLY public.karyawan
    ADD CONSTRAINT karyawan_pkey PRIMARY KEY (uid);


--
-- Name: lokasi lokasi_pkey; Type: CONSTRAINT; Schema: public; Owner: -
--

ALTER TABLE ONLY public.lokasi
    ADD CONSTRAINT lokasi_pkey PRIMARY KEY (name);


--
-- Name: users users_pkey; Type: CONSTRAINT; Schema: public; Owner: -
--

ALTER TABLE ONLY public.users
    ADD CONSTRAINT users_pkey PRIMARY KEY (id);


--
-- Name: users users_username_key; Type: CONSTRAINT; Schema: public; Owner: -
--

ALTER TABLE ONLY public.users
    ADD CONSTRAINT users_username_key UNIQUE (username);


--
-- Name: auth_group_name_a6ea08ec_like; Type: INDEX; Schema: public; Owner: -
--

CREATE INDEX auth_group_name_a6ea08ec_like ON public.auth_group USING btree (name varchar_pattern_ops);


--
-- Name: auth_group_permissions_group_id_b120cbf9; Type: INDEX; Schema: public; Owner: -
--

CREATE INDEX auth_group_permissions_group_id_b120cbf9 ON public.auth_group_permissions USING btree (group_id);


--
-- Name: auth_group_permissions_permission_id_84c5c92e; Type: INDEX; Schema: public; Owner: -
--

CREATE INDEX auth_group_permissions_permission_id_84c5c92e ON public.auth_group_permissions USING btree (permission_id);


--
-- Name: auth_permission_content_type_id_2f476e4b; Type: INDEX; Schema: public; Owner: -
--

CREATE INDEX auth_permission_content_type_id_2f476e4b ON public.auth_permission USING btree (content_type_id);


--
-- Name: auth_user_groups_group_id_97559544; Type: INDEX; Schema: public; Owner: -
--

CREATE INDEX auth_user_groups_group_id_97559544 ON public.auth_user_groups USING btree (group_id);


--
-- Name: auth_user_groups_user_id_6a12ed8b; Type: INDEX; Schema: public; Owner: -
--

CREATE INDEX auth_user_groups_user_id_6a12ed8b ON public.auth_user_groups USING btree (user_id);


--
-- Name: auth_user_user_permissions_permission_id_1fbb5f2c; Type: INDEX; Schema: public; Owner: -
--

CREATE INDEX auth_user_user_permissions_permission_id_1fbb5f2c ON public.auth_user_user_permissions USING btree (permission_id);


--
-- Name: auth_user_user_permissions_user_id_a95ead1b; Type: INDEX; Schema: public; Owner: -
--

CREATE INDEX auth_user_user_permissions_user_id_a95ead1b ON public.auth_user_user_permissions USING btree (user_id);


--
-- Name: auth_user_username_6821ab7c_like; Type: INDEX; Schema: public; Owner: -
--

CREATE INDEX auth_user_username_6821ab7c_like ON public.auth_user USING btree (username varchar_pattern_ops);


--
-- Name: django_admin_log_content_type_id_c4bce8eb; Type: INDEX; Schema: public; Owner: -
--

CREATE INDEX django_admin_log_content_type_id_c4bce8eb ON public.django_admin_log USING btree (content_type_id);


--
-- Name: django_admin_log_user_id_c564eba6; Type: INDEX; Schema: public; Owner: -
--

CREATE INDEX django_admin_log_user_id_c564eba6 ON public.django_admin_log USING btree (user_id);


--
-- Name: django_session_expire_date_a5c62663; Type: INDEX; Schema: public; Owner: -
--

CREATE INDEX django_session_expire_date_a5c62663 ON public.django_session USING btree (expire_date);


--
-- Name: django_session_session_key_c0390e0f_like; Type: INDEX; Schema: public; Owner: -
--

CREATE INDEX django_session_session_key_c0390e0f_like ON public.django_session USING btree (session_key varchar_pattern_ops);


--
-- Name: auth_group_permissions auth_group_permissio_permission_id_84c5c92e_fk_auth_perm; Type: FK CONSTRAINT; Schema: public; Owner: -
--

ALTER TABLE ONLY public.auth_group_permissions
    ADD CONSTRAINT auth_group_permissio_permission_id_84c5c92e_fk_auth_perm FOREIGN KEY (permission_id) REFERENCES public.auth_permission(id) DEFERRABLE INITIALLY DEFERRED;


--
-- Name: auth_group_permissions auth_group_permissions_group_id_b120cbf9_fk_auth_group_id; Type: FK CONSTRAINT; Schema: public; Owner: -
--

ALTER TABLE ONLY public.auth_group_permissions
    ADD CONSTRAINT auth_group_permissions_group_id_b120cbf9_fk_auth_group_id FOREIGN KEY (group_id) REFERENCES public.auth_group(id) DEFERRABLE INITIALLY DEFERRED;


--
-- Name: auth_permission auth_permission_content_type_id_2f476e4b_fk_django_co; Type: FK CONSTRAINT; Schema: public; Owner: -
--

ALTER TABLE ONLY public.auth_permission
    ADD CONSTRAINT auth_permission_content_type_id_2f476e4b_fk_django_co FOREIGN KEY (content_type_id) REFERENCES public.django_content_type(id) DEFERRABLE INITIALLY DEFERRED;


--
-- Name: auth_user_groups auth_user_groups_group_id_97559544_fk_auth_group_id; Type: FK CONSTRAINT; Schema: public; Owner: -
--

ALTER TABLE ONLY public.auth_user_groups
    ADD CONSTRAINT auth_user_groups_group_id_97559544_fk_auth_group_id FOREIGN KEY (group_id) REFERENCES public.auth_group(id) DEFERRABLE INITIALLY DEFERRED;


--
-- Name: auth_user_groups auth_user_groups_user_id_6a12ed8b_fk_auth_user_id; Type: FK CONSTRAINT; Schema: public; Owner: -
--

ALTER TABLE ONLY public.auth_user_groups
    ADD CONSTRAINT auth_user_groups_user_id_6a12ed8b_fk_auth_user_id FOREIGN KEY (user_id) REFERENCES public.auth_user(id) DEFERRABLE INITIALLY DEFERRED;


--
-- Name: auth_user_user_permissions auth_user_user_permi_permission_id_1fbb5f2c_fk_auth_perm; Type: FK CONSTRAINT; Schema: public; Owner: -
--

ALTER TABLE ONLY public.auth_user_user_permissions
    ADD CONSTRAINT auth_user_user_permi_permission_id_1fbb5f2c_fk_auth_perm FOREIGN KEY (permission_id) REFERENCES public.auth_permission(id) DEFERRABLE INITIALLY DEFERRED;


--
-- Name: auth_user_user_permissions auth_user_user_permissions_user_id_a95ead1b_fk_auth_user_id; Type: FK CONSTRAINT; Schema: public; Owner: -
--

ALTER TABLE ONLY public.auth_user_user_permissions
    ADD CONSTRAINT auth_user_user_permissions_user_id_a95ead1b_fk_auth_user_id FOREIGN KEY (user_id) REFERENCES public.auth_user(id) DEFERRABLE INITIALLY DEFERRED;


--
-- Name: checkups checkups_uid_fkey; Type: FK CONSTRAINT; Schema: public; Owner: -
--

ALTER TABLE ONLY public.checkups
    ADD CONSTRAINT checkups_uid_fkey FOREIGN KEY (uid) REFERENCES public.karyawan(uid) ON DELETE CASCADE;


--
-- Name: django_admin_log django_admin_log_content_type_id_c4bce8eb_fk_django_co; Type: FK CONSTRAINT; Schema: public; Owner: -
--

ALTER TABLE ONLY public.django_admin_log
    ADD CONSTRAINT django_admin_log_content_type_id_c4bce8eb_fk_django_co FOREIGN KEY (content_type_id) REFERENCES public.django_content_type(id) DEFERRABLE INITIALLY DEFERRED;


--
-- Name: django_admin_log django_admin_log_user_id_c564eba6_fk_auth_user_id; Type: FK CONSTRAINT; Schema: public; Owner: -
--

ALTER TABLE ONLY public.django_admin_log
    ADD CONSTRAINT django_admin_log_user_id_c564eba6_fk_auth_user_id FOREIGN KEY (user_id) REFERENCES public.auth_user(id) DEFERRABLE INITIALLY DEFERRED;


--
-- PostgreSQL database dump complete
--

\unrestrict S1DHYIaqcXJv6hcQjaXBrbaPeZ7zs08F5TetvA5DeH3qXsm67cWiZWQYIQfOkYr

